system	repo_root	relative_path	material_family	bytes	sha256	git_head	git_state	authority_class	reuse_scope	modern_finance_contamination	source_rights_status	v3_overlap	notes
v2	/Users/a2501/Desktop/ff_studio_v2/edge_repos/ff_foundry	README.md	(root)	7159	ffb834d165a59a1b21456ffa2623c79b3dec5bb30972ac060da744b284638b3c	a4cbcb57d85da16dc86a645ae286f65a577b963b	tracked	superseded	ineligible	unclear	clear_pointer	sha256:README.md; relative_path:README.md	v3 duplicate candidate; do not migrate in Phase 0
v2	/Users/a2501/Desktop/ff_studio_v2/edge_repos/ff_foundry	_seooh50_mining_brief.md	(root)	7527	7656896ee4b87cb80dc4aa10c2709a8284f687df74433476f902f469273755ab	a4cbcb57d85da16dc86a645ae286f65a577b963b	tracked	methodology	ineligible	unclear	clear_pointer	none	index, template, brief, or dispatch methodology
v2	/Users/a2501/Desktop/ff_studio_v2/edge_repos/ff_foundry	_synthesis/_campaign/seooh50_PLAN.md	_synthesis	7300	23aa6d34067365aadbf0591e2840ec06080f8a420d660df39c17d9784e0801b5	a4cbcb57d85da16dc86a645ae286f65a577b963b	tracked	model_run	ineligible	no	clear_pointer	none	model output, campaign artifact, or execution log
v2	/Users/a2501/Desktop/ff_studio_v2/edge_repos/ff_foundry	_synthesis/_campaign/seooh50_progress.md	_synthesis	2876	91e627fb8ad44479b0b19ce1f4092cc92f3876d43206dda58dacedeeea2839e3	a4cbcb57d85da16dc86a645ae286f65a577b963b	tracked	model_run	ineligible	no	clear_pointer	none	model output, campaign artifact, or execution log
v2	/Users/a2501/Desktop/ff_studio_v2/edge_repos/ff_foundry	_synthesis/fundamental_improvement_campaign_20260614.md	_synthesis	11724	0cbe5b72af836658d423e7c9db9db0e51d57eeee588c689c0703350f19045b43	a4cbcb57d85da16dc86a645ae286f65a577b963b	tracked	evidence	ineligible	unclear	unclear	none	observation or comparison support, not a promoted card
v2	/Users/a2501/Desktop/ff_studio_v2/edge_repos/ff_foundry	_synthesis/geuldobi_legacy_extraction_20260614.md	_synthesis	4767	8aaa67dd3236be98d4d27b26aca535704ff3b7598dedc21b60ff0001adaca803	a4cbcb57d85da16dc86a645ae286f65a577b963b	tracked	evidence	ineligible	unclear	unclear	none	observation or comparison support, not a promoted card
v2	/Users/a2501/Desktop/ff_studio_v2/edge_repos/ff_foundry	_synthesis/kdh/geumsujeo_saenghwal.md	_synthesis	11202	fae7c5542ad81e71ed82a57032f243691b8dd3e58de3774a4053c0f9041c603d	a4cbcb57d85da16dc86a645ae286f65a577b963b	tracked	evidence	ineligible	yes	clear_pointer	name:block/evidence/kdh/geumsujeo_saenghwal.md,character/evidence/kdh/geumsujeo_saenghwal.md,esm/evidence/kdh/geumsujeo_saenghwal.md	observation or comparison support, not a promoted card
v2	/Users/a2501/Desktop/ff_studio_v2/edge_repos/ff_foundry	_synthesis/kdh/geumsujeo_tuja.md	_synthesis	13656	2ef773db92ef1eebeb5948f9c3bc002aa23bf2eea955351caef449fff0e61de7	a4cbcb57d85da16dc86a645ae286f65a577b963b	tracked	evidence	ineligible	yes	clear_pointer	name:block/evidence/kdh/geumsujeo_tuja.md,character/evidence/kdh/geumsujeo_tuja.md,esm/evidence/kdh/geumsujeo_tuja.md	observation or comparison support, not a promoted card
v2	/Users/a2501/Desktop/ff_studio_v2/edge_repos/ff_foundry	_synthesis/kdh/seonggongsidae.md	_synthesis	8414	a9b642133a5702df170b670d70df918e9e8bec9e04c3bd078932966dcdf4d7c4	a4cbcb57d85da16dc86a645ae286f65a577b963b	tracked	evidence	ineligible	unclear	clear_pointer	name:block/evidence/kdh/seonggongsidae.md,character/evidence/kdh/seonggongsidae.md,esm/evidence/kdh/seonggongsidae.md	observation or comparison support, not a promoted card
v2	/Users/a2501/Desktop/ff_studio_v2/edge_repos/ff_foundry	_synthesis/m1_payoff_5laws.md	_synthesis	6196	666fa2243c0a427a3f182e553aeb51992530a79087a9e04f49dbd64f94a9c87e	a4cbcb57d85da16dc86a645ae286f65a577b963b	tracked	evidence	ineligible	unclear	unclear	none	observation or comparison support, not a promoted card
v2	/Users/a2501/Desktop/ff_studio_v2/edge_repos/ff_foundry	_synthesis/modern_fantasy_episode_value_architecture_20260712.md	_synthesis	28342	04ec3db21f7c6831f13f72c88e30636dca26de24ddfde32e3290401ea0e74353	a4cbcb57d85da16dc86a645ae286f65a577b963b	tracked	evidence	ineligible	unclear	clear_pointer	none	observation or comparison support, not a promoted card
v2	/Users/a2501/Desktop/ff_studio_v2/edge_repos/ff_foundry	_synthesis/reference_dna_synthesis_3author_20260615.md	_synthesis	8654	c6f27a89aacbdc0f07323c8ecd9f68fa34d58738fad6a6f3dcc2e088eefb9c2a	a4cbcb57d85da16dc86a645ae286f65a577b963b	tracked	evidence	ineligible	unclear	unclear	none	observation or comparison support, not a promoted card
v2	/Users/a2501/Desktop/ff_studio_v2/edge_repos/ff_foundry	_synthesis/rendering_axis_architecture_20260614.md	_synthesis	8143	74a5cd72087e890963cdf8db1a031b0fb16f76ac1db556d1a53e9998c70ffe1b	a4cbcb57d85da16dc86a645ae286f65a577b963b	tracked	evidence	ineligible	unclear	unclear	none	observation or comparison support, not a promoted card
v2	/Users/a2501/Desktop/ff_studio_v2/edge_repos/ff_foundry	_synthesis/seooh/doksik_ep01-05.md	_synthesis	3771	eea39a6f9a927b43289914323acd611c919c16d8900cc066c3b95fab5ab657b2	a4cbcb57d85da16dc86a645ae286f65a577b963b	tracked	evidence	ineligible	yes	clear_pointer	name:block/evidence/seooh/doksik_ep01-05.md,character/evidence/seooh/doksik_ep01-05.md,esm/evidence/seooh/doksik_ep01-05.md	observation or comparison support, not a promoted card
v2	/Users/a2501/Desktop/ff_studio_v2/edge_repos/ff_foundry	_synthesis/seooh/doksik_ep08-14.md	_synthesis	2232	d9e0efef27184fd02073b187c56aba9dc355e5f30f6d84177d5ff5c76684833f	a4cbcb57d85da16dc86a645ae286f65a577b963b	tracked	evidence	ineligible	yes	unclear	name:block/evidence/seooh/doksik_ep08-14.md,character/evidence/seooh/doksik_ep08-14.md,esm/evidence/seooh/doksik_ep08-14.md	observation or comparison support, not a promoted card
v2	/Users/a2501/Desktop/ff_studio_v2/edge_repos/ff_foundry	_synthesis/seooh/doksik_ep15-21.md	_synthesis	5111	fbaa48a0ecee5c1d03b9546fb222136cb683ff1d822d15a900af28c71fd33f62	a4cbcb57d85da16dc86a645ae286f65a577b963b	tracked	evidence	ineligible	yes	clear_pointer	name:block/evidence/seooh/doksik_ep15-21.md,character/evidence/seooh/doksik_ep15-21.md,esm/evidence/seooh/doksik_ep15-21.md	observation or comparison support, not a promoted card
v2	/Users/a2501/Desktop/ff_studio_v2/edge_repos/ff_foundry	_synthesis/seooh/doksik_ep22-50.md	_synthesis	4042	a7048f4ac9ffc91beb8e54cf304aca8c4225fb2a52d492a11e4c4325c789fe07	a4cbcb57d85da16dc86a645ae286f65a577b963b	tracked	evidence	ineligible	yes	unclear	name:block/evidence/seooh/doksik_ep22-50.md,character/evidence/seooh/doksik_ep22-50.md,esm/evidence/seooh/doksik_ep22-50.md	observation or comparison support, not a promoted card
v2	/Users/a2501/Desktop/ff_studio_v2/edge_repos/ff_foundry	_synthesis/seooh/doksik_ep78-86_imf_payoff.md	_synthesis	9335	a1303d4263ade951aa51e19adaa4c98baee2c287556ce10d0fff7e42b74f6514	a4cbcb57d85da16dc86a645ae286f65a577b963b	tracked	evidence	ineligible	yes	unclear	name:block/evidence/seooh/doksik_ep78-86_imf_payoff.md,character/evidence/seooh/doksik_ep78-86_imf_payoff.md,esm/evidence/seooh/doksik_ep78-86_imf_payoff.md	observation or comparison support, not a promoted card
v2	/Users/a2501/Desktop/ff_studio_v2/edge_repos/ff_foundry	_synthesis/seooh/mabeop_ep01-05.md	_synthesis	2702	a2f02a611008c08c8331a3c9a9dd2708651dbd1e45da766c22db93d2d52e44a5	a4cbcb57d85da16dc86a645ae286f65a577b963b	tracked	evidence	ineligible	unclear	unclear	name:block/evidence/seooh/mabeop_ep01-05.md,character/evidence/seooh/mabeop_ep01-05.md,esm/evidence/seooh/mabeop_ep01-05.md	observation or comparison support, not a promoted card
v2	/Users/a2501/Desktop/ff_studio_v2/edge_repos/ff_foundry	_synthesis/seooh/mabeop_ep06-14.md	_synthesis	3979	b8b7601ea960fefc226e743351d66a06e6fda0199f0d83927a1c31f0002c1d11	a4cbcb57d85da16dc86a645ae286f65a577b963b	tracked	evidence	ineligible	unclear	unclear	name:block/evidence/seooh/mabeop_ep06-14.md,character/evidence/seooh/mabeop_ep06-14.md,esm/evidence/seooh/mabeop_ep06-14.md	observation or comparison support, not a promoted card
v2	/Users/a2501/Desktop/ff_studio_v2/edge_repos/ff_foundry	_synthesis/seooh/mabeop_ep15-21.md	_synthesis	5053	5b9989bee1b681a6636ee4ee2cb5f183f9a2b8aec82d868ecc7c0529a1437f33	a4cbcb57d85da16dc86a645ae286f65a577b963b	tracked	evidence	ineligible	unclear	unclear	name:block/evidence/seooh/mabeop_ep15-21.md,character/evidence/seooh/mabeop_ep15-21.md,esm/evidence/seooh/mabeop_ep15-21.md	observation or comparison support, not a promoted card
v2	/Users/a2501/Desktop/ff_studio_v2/edge_repos/ff_foundry	_synthesis/seooh/mabeop_ep22-50.md	_synthesis	4025	ed3132219ad8e7a52cbaafa377ff8a7fa013f0b0e3d01a620f5e67ad30a4e9a7	a4cbcb57d85da16dc86a645ae286f65a577b963b	tracked	evidence	ineligible	unclear	unclear	name:block/evidence/seooh/mabeop_ep22-50.md,character/evidence/seooh/mabeop_ep22-50.md,esm/evidence/seooh/mabeop_ep22-50.md	observation or comparison support, not a promoted card
v2	/Users/a2501/Desktop/ff_studio_v2/edge_repos/ff_foundry	_synthesis/seooh/yeonbong_ep01-05.md	_synthesis	3216	e5425380f2d40fa4ed999ff3da0681827dc32c841d2a1caccf76238d84be209e	a4cbcb57d85da16dc86a645ae286f65a577b963b	tracked	evidence	ineligible	yes	unclear	name:block/evidence/seooh/yeonbong_ep01-05.md,character/evidence/seooh/yeonbong_ep01-05.md,esm/evidence/seooh/yeonbong_ep01-05.md	observation or comparison support, not a promoted card
v2	/Users/a2501/Desktop/ff_studio_v2/edge_repos/ff_foundry	_synthesis/seooh/yeonbong_ep06-14.md	_synthesis	5879	e103fe541615db3829e1eff2ae7028d73d7a61a2c00cdffaab99a5d742741277	a4cbcb57d85da16dc86a645ae286f65a577b963b	tracked	evidence	ineligible	yes	unclear	name:block/evidence/seooh/yeonbong_ep06-14.md,character/evidence/seooh/yeonbong_ep06-14.md,esm/evidence/seooh/yeonbong_ep06-14.md	observation or comparison support, not a promoted card
v2	/Users/a2501/Desktop/ff_studio_v2/edge_repos/ff_foundry	_synthesis/seooh/yeonbong_ep15-21.md	_synthesis	5959	9d0da9d2252915b18240a07982d7509fd42078829aabc554133b01e770d74914	a4cbcb57d85da16dc86a645ae286f65a577b963b	tracked	evidence	ineligible	yes	unclear	name:block/evidence/seooh/yeonbong_ep15-21.md,character/evidence/seooh/yeonbong_ep15-21.md,esm/evidence/seooh/yeonbong_ep15-21.md	observation or comparison support, not a promoted card
v2	/Users/a2501/Desktop/ff_studio_v2/edge_repos/ff_foundry	_synthesis/seooh/yeonbong_ep22-50.md	_synthesis	4714	cc491d527cc321b44c80b30d207369e3bd083414d329a56825cfaccfda66abf1	a4cbcb57d85da16dc86a645ae286f65a577b963b	tracked	evidence	ineligible	yes	unclear	name:block/evidence/seooh/yeonbong_ep22-50.md,character/evidence/seooh/yeonbong_ep22-50.md,esm/evidence/seooh/yeonbong_ep22-50.md	observation or comparison support, not a promoted card
v2	/Users/a2501/Desktop/ff_studio_v2/edge_repos/ff_foundry	block/.gitkeep	block	1	01ba4719c80b6fe911b091a7c05124b64eeece964e09c058ef8f9805daca546b	a4cbcb57d85da16dc86a645ae286f65a577b963b	tracked	superseded	ineligible	unclear	unclear	sha256:block/.gitkeep,comparisons/.gitkeep,esm/.gitkeep,source_maps/.gitkeep; relative_path:block/.gitkeep	v3 duplicate candidate; do not migrate in Phase 0
v2	/Users/a2501/Desktop/ff_studio_v2/edge_repos/ff_foundry	block/README.md	block	891	4e774cbc11cc0a9f6ab5f74179988aef642185df8cdd5cf79dc3728c12c73f79	a4cbcb57d85da16dc86a645ae286f65a577b963b	tracked	superseded	ineligible	unclear	unclear	sha256:block/README.md; relative_path:block/README.md	v3 duplicate candidate; do not migrate in Phase 0
v2	/Users/a2501/Desktop/ff_studio_v2/edge_repos/ff_foundry	block/block_bank.md	block	32201	5084429ce0d37c602514f3140177285cda7b78d20ee30636a7e04067e3574404	a4cbcb57d85da16dc86a645ae286f65a577b963b	tracked	superseded	ineligible	unclear	clear_pointer	sha256:block/block_bank.md; relative_path:block/block_bank.md	v3 duplicate candidate; do not migrate in Phase 0
v2	/Users/a2501/Desktop/ff_studio_v2/edge_repos/ff_foundry	block/evidence/kdh/geumsujeo_saenghwal.md	block	4009	75c7186c84abc13fcfb36d59cf1a17d750a1b5876477683a31fe2c7e05d67985	a4cbcb57d85da16dc86a645ae286f65a577b963b	tracked	superseded	ineligible	yes	clear_pointer	sha256:block/evidence/kdh/geumsujeo_saenghwal.md; relative_path:block/evidence/kdh/geumsujeo_saenghwal.md; name:character/evidence/kdh/geumsujeo_saenghwal.md,esm/evidence/kdh/geumsujeo_saenghwal.md	v3 duplicate candidate; do not migrate in Phase 0
v2	/Users/a2501/Desktop/ff_studio_v2/edge_repos/ff_foundry	block/evidence/kdh/geumsujeo_tuja.md	block	6670	d053e778ecc329f2455654b18f335f71b609d8dbb00ab1b034e1dadd714d661b	a4cbcb57d85da16dc86a645ae286f65a577b963b	tracked	superseded	ineligible	yes	clear_pointer	sha256:block/evidence/kdh/geumsujeo_tuja.md; relative_path:block/evidence/kdh/geumsujeo_tuja.md; name:character/evidence/kdh/geumsujeo_tuja.md,esm/evidence/kdh/geumsujeo_tuja.md	v3 duplicate candidate; do not migrate in Phase 0
v2	/Users/a2501/Desktop/ff_studio_v2/edge_repos/ff_foundry	block/evidence/kdh/seonggongsidae.md	block	4343	759ca01d16cda9ce1c046999fa73a91684d2860d6dd7422d09108e4221632a6d	a4cbcb57d85da16dc86a645ae286f65a577b963b	tracked	superseded	ineligible	unclear	clear_pointer	sha256:block/evidence/kdh/seonggongsidae.md; relative_path:block/evidence/kdh/seonggongsidae.md; name:character/evidence/kdh/seonggongsidae.md,esm/evidence/kdh/seonggongsidae.md	v3 duplicate candidate; do not migrate in Phase 0
v2	/Users/a2501/Desktop/ff_studio_v2/edge_repos/ff_foundry	block/evidence/seooh/doksik_ep01-05.md	block	1551	fb0d687605185b53d9fa52954eaa10af955e11da4ee3e8b76b5f47ef5fd7a31a	a4cbcb57d85da16dc86a645ae286f65a577b963b	tracked	superseded	ineligible	unclear	clear_pointer	sha256:block/evidence/seooh/doksik_ep01-05.md; relative_path:block/evidence/seooh/doksik_ep01-05.md; name:character/evidence/seooh/doksik_ep01-05.md,esm/evidence/seooh/doksik_ep01-05.md	v3 duplicate candidate; do not migrate in Phase 0
v2	/Users/a2501/Desktop/ff_studio_v2/edge_repos/ff_foundry	block/evidence/seooh/doksik_ep08-14.md	block	1109	429fa53c189d5942a90fbb03172a3f43d9d97ae66e5f1e27ab054bffc619027b	a4cbcb57d85da16dc86a645ae286f65a577b963b	tracked	superseded	ineligible	yes	clear_pointer	sha256:block/evidence/seooh/doksik_ep08-14.md; relative_path:block/evidence/seooh/doksik_ep08-14.md; name:character/evidence/seooh/doksik_ep08-14.md,esm/evidence/seooh/doksik_ep08-14.md	v3 duplicate candidate; do not migrate in Phase 0
v2	/Users/a2501/Desktop/ff_studio_v2/edge_repos/ff_foundry	block/evidence/seooh/doksik_ep15-21.md	block	1409	467db4cbd09f2341caf6c190cf3a3d71fa187c2551002096e968e50e0b4b43f5	a4cbcb57d85da16dc86a645ae286f65a577b963b	tracked	superseded	ineligible	unclear	clear_pointer	sha256:block/evidence/seooh/doksik_ep15-21.md; relative_path:block/evidence/seooh/doksik_ep15-21.md; name:character/evidence/seooh/doksik_ep15-21.md,esm/evidence/seooh/doksik_ep15-21.md	v3 duplicate candidate; do not migrate in Phase 0
v2	/Users/a2501/Desktop/ff_studio_v2/edge_repos/ff_foundry	block/evidence/seooh/doksik_ep22-50.md	block	1457	1fa0bb83aa21ce24fb591b46a702d79f0ae3fc433571d4eaff09447756fdfe59	a4cbcb57d85da16dc86a645ae286f65a577b963b	tracked	superseded	ineligible	yes	clear_pointer	sha256:block/evidence/seooh/doksik_ep22-50.md; relative_path:block/evidence/seooh/doksik_ep22-50.md; name:character/evidence/seooh/doksik_ep22-50.md,esm/evidence/seooh/doksik_ep22-50.md	v3 duplicate candidate; do not migrate in Phase 0
v2	/Users/a2501/Desktop/ff_studio_v2/edge_repos/ff_foundry	block/evidence/seooh/doksik_ep78-86_imf_payoff.md	block	1847	fdc5debad6c36db8b376d0e48f3559d1f7901dc2671ccfd43aa31ec86a715c33	a4cbcb57d85da16dc86a645ae286f65a577b963b	tracked	superseded	ineligible	yes	clear_pointer	sha256:block/evidence/seooh/doksik_ep78-86_imf_payoff.md; relative_path:block/evidence/seooh/doksik_ep78-86_imf_payoff.md; name:character/evidence/seooh/doksik_ep78-86_imf_payoff.md,esm/evidence/seooh/doksik_ep78-86_imf_payoff.md	v3 duplicate candidate; do not migrate in Phase 0
v2	/Users/a2501/Desktop/ff_studio_v2/edge_repos/ff_foundry	block/evidence/seooh/mabeop_ep01-05.md	block	1878	d321ba953649effe5d1c7a124eec9461e865f1b51013801fd7e9a0dbedf1734a	a4cbcb57d85da16dc86a645ae286f65a577b963b	tracked	superseded	ineligible	unclear	clear_pointer	sha256:block/evidence/seooh/mabeop_ep01-05.md; relative_path:block/evidence/seooh/mabeop_ep01-05.md; name:character/evidence/seooh/mabeop_ep01-05.md,esm/evidence/seooh/mabeop_ep01-05.md	v3 duplicate candidate; do not migrate in Phase 0
v2	/Users/a2501/Desktop/ff_studio_v2/edge_repos/ff_foundry	block/evidence/seooh/mabeop_ep06-14.md	block	2312	944c4d32118d3c80901fa43d4926015774d8bbe69b44fab7084e73d37b30f319	a4cbcb57d85da16dc86a645ae286f65a577b963b	tracked	superseded	ineligible	unclear	clear_pointer	sha256:block/evidence/seooh/mabeop_ep06-14.md; relative_path:block/evidence/seooh/mabeop_ep06-14.md; name:character/evidence/seooh/mabeop_ep06-14.md,esm/evidence/seooh/mabeop_ep06-14.md	v3 duplicate candidate; do not migrate in Phase 0
v2	/Users/a2501/Desktop/ff_studio_v2/edge_repos/ff_foundry	block/evidence/seooh/mabeop_ep15-21.md	block	1987	0caaad340299a830fa8eb469ec42c1d5d5f4290eb371b7ac8de8c922e985bba8	a4cbcb57d85da16dc86a645ae286f65a577b963b	tracked	superseded	ineligible	unclear	clear_pointer	sha256:block/evidence/seooh/mabeop_ep15-21.md; relative_path:block/evidence/seooh/mabeop_ep15-21.md; name:character/evidence/seooh/mabeop_ep15-21.md,esm/evidence/seooh/mabeop_ep15-21.md	v3 duplicate candidate; do not migrate in Phase 0
v2	/Users/a2501/Desktop/ff_studio_v2/edge_repos/ff_foundry	block/evidence/seooh/mabeop_ep22-50.md	block	2248	d1d07e544041c426b45375e6d908fe80d31af7b51c7416870ee3644e952ba45a	a4cbcb57d85da16dc86a645ae286f65a577b963b	tracked	superseded	ineligible	unclear	clear_pointer	sha256:block/evidence/seooh/mabeop_ep22-50.md; relative_path:block/evidence/seooh/mabeop_ep22-50.md; name:character/evidence/seooh/mabeop_ep22-50.md,esm/evidence/seooh/mabeop_ep22-50.md	v3 duplicate candidate; do not migrate in Phase 0
v2	/Users/a2501/Desktop/ff_studio_v2/edge_repos/ff_foundry	block/evidence/seooh/yeonbong_ep01-05.md	block	1715	9957a8374ada5a7d58f7a5d7496354d4a37ef54ee23a90a9d627e98a042e4825	a4cbcb57d85da16dc86a645ae286f65a577b963b	tracked	superseded	ineligible	yes	clear_pointer	sha256:block/evidence/seooh/yeonbong_ep01-05.md; relative_path:block/evidence/seooh/yeonbong_ep01-05.md; name:character/evidence/seooh/yeonbong_ep01-05.md,esm/evidence/seooh/yeonbong_ep01-05.md	v3 duplicate candidate; do not migrate in Phase 0
v2	/Users/a2501/Desktop/ff_studio_v2/edge_repos/ff_foundry	block/evidence/seooh/yeonbong_ep06-14.md	block	3007	68441c4a2377afe00b5c4b19cc43a03660bbd8257d917927311bdbf64f21f3eb	a4cbcb57d85da16dc86a645ae286f65a577b963b	tracked	superseded	ineligible	yes	clear_pointer	sha256:block/evidence/seooh/yeonbong_ep06-14.md; relative_path:block/evidence/seooh/yeonbong_ep06-14.md; name:character/evidence/seooh/yeonbong_ep06-14.md,esm/evidence/seooh/yeonbong_ep06-14.md	v3 duplicate candidate; do not migrate in Phase 0
v2	/Users/a2501/Desktop/ff_studio_v2/edge_repos/ff_foundry	block/evidence/seooh/yeonbong_ep15-21.md	block	2585	91bca5f3e49defaf46323146a3610a48b2e8dbe05ea1dc4f2c59ddba353d58f4	a4cbcb57d85da16dc86a645ae286f65a577b963b	tracked	superseded	ineligible	unclear	clear_pointer	sha256:block/evidence/seooh/yeonbong_ep15-21.md; relative_path:block/evidence/seooh/yeonbong_ep15-21.md; name:character/evidence/seooh/yeonbong_ep15-21.md,esm/evidence/seooh/yeonbong_ep15-21.md	v3 duplicate candidate; do not migrate in Phase 0
v2	/Users/a2501/Desktop/ff_studio_v2/edge_repos/ff_foundry	block/evidence/seooh/yeonbong_ep22-50.md	block	1884	f72efb952b20a103ab73fb1b639769d52b506f19ef25f6f384a2751579a4152b	a4cbcb57d85da16dc86a645ae286f65a577b963b	tracked	superseded	ineligible	yes	clear_pointer	sha256:block/evidence/seooh/yeonbong_ep22-50.md; relative_path:block/evidence/seooh/yeonbong_ep22-50.md; name:character/evidence/seooh/yeonbong_ep22-50.md,esm/evidence/seooh/yeonbong_ep22-50.md	v3 duplicate candidate; do not migrate in Phase 0
v2	/Users/a2501/Desktop/ff_studio_v2/edge_repos/ff_foundry	character/README.md	character	1488	e4a2c1b3f7e95d7923b1cbb1f47b0ca4e19a52e27cb3d76d5ee059b623ca0ed8	a4cbcb57d85da16dc86a645ae286f65a577b963b	tracked	superseded	ineligible	unclear	unclear	sha256:character/README.md; relative_path:character/README.md	v3 duplicate candidate; do not migrate in Phase 0
v2	/Users/a2501/Desktop/ff_studio_v2/edge_repos/ff_foundry	character/character_bank.md	character	42427	e6037a30c58a0d38b693568be2539469209101cba94b38d1fb4003b2507bbccd	a4cbcb57d85da16dc86a645ae286f65a577b963b	tracked	superseded	ineligible	unclear	clear_pointer	sha256:character/character_bank.md; relative_path:character/character_bank.md	v3 duplicate candidate; do not migrate in Phase 0
v2	/Users/a2501/Desktop/ff_studio_v2/edge_repos/ff_foundry	character/evidence/kdh/geumsujeo_saenghwal.md	character	4607	0fc463e3d21c64dcd09adcdcb7b9a9f2a4d4308f6562457f8b602d669cbe1bf2	a4cbcb57d85da16dc86a645ae286f65a577b963b	tracked	superseded	ineligible	yes	clear_pointer	sha256:character/evidence/kdh/geumsujeo_saenghwal.md; relative_path:character/evidence/kdh/geumsujeo_saenghwal.md; name:block/evidence/kdh/geumsujeo_saenghwal.md,esm/evidence/kdh/geumsujeo_saenghwal.md	v3 duplicate candidate; do not migrate in Phase 0
v2	/Users/a2501/Desktop/ff_studio_v2/edge_repos/ff_foundry	character/evidence/kdh/geumsujeo_tuja.md	character	6782	1927c7d74049ccb65abea3dd0439043d607c7c5e1af69fe14ebf4d29252d68d1	a4cbcb57d85da16dc86a645ae286f65a577b963b	tracked	superseded	ineligible	yes	clear_pointer	sha256:character/evidence/kdh/geumsujeo_tuja.md; relative_path:character/evidence/kdh/geumsujeo_tuja.md; name:block/evidence/kdh/geumsujeo_tuja.md,esm/evidence/kdh/geumsujeo_tuja.md	v3 duplicate candidate; do not migrate in Phase 0
v2	/Users/a2501/Desktop/ff_studio_v2/edge_repos/ff_foundry	character/evidence/kdh/seonggongsidae.md	character	5869	c6df38aaa275b253cc51c3e6f1392d925b1b7d2202e65e9585591dcb9f293d22	a4cbcb57d85da16dc86a645ae286f65a577b963b	tracked	superseded	ineligible	unclear	clear_pointer	sha256:character/evidence/kdh/seonggongsidae.md; relative_path:character/evidence/kdh/seonggongsidae.md; name:block/evidence/kdh/seonggongsidae.md,esm/evidence/kdh/seonggongsidae.md	v3 duplicate candidate; do not migrate in Phase 0
v2	/Users/a2501/Desktop/ff_studio_v2/edge_repos/ff_foundry	character/evidence/seooh/doksik_ep01-05.md	character	2758	cff17e6f7c8b526875abe99318c9eb1110ac95dd4e3c88f953025ecd5d0a6540	a4cbcb57d85da16dc86a645ae286f65a577b963b	tracked	superseded	ineligible	yes	clear_pointer	sha256:character/evidence/seooh/doksik_ep01-05.md; relative_path:character/evidence/seooh/doksik_ep01-05.md; name:block/evidence/seooh/doksik_ep01-05.md,esm/evidence/seooh/doksik_ep01-05.md	v3 duplicate candidate; do not migrate in Phase 0
v2	/Users/a2501/Desktop/ff_studio_v2/edge_repos/ff_foundry	character/evidence/seooh/doksik_ep08-14.md	character	1759	0f83265d4ab9444011204a9fa21a4f35e6c545c35df1128e25f674de7858bf3e	a4cbcb57d85da16dc86a645ae286f65a577b963b	tracked	superseded	ineligible	yes	clear_pointer	sha256:character/evidence/seooh/doksik_ep08-14.md; relative_path:character/evidence/seooh/doksik_ep08-14.md; name:block/evidence/seooh/doksik_ep08-14.md,esm/evidence/seooh/doksik_ep08-14.md	v3 duplicate candidate; do not migrate in Phase 0
v2	/Users/a2501/Desktop/ff_studio_v2/edge_repos/ff_foundry	character/evidence/seooh/doksik_ep15-21.md	character	2599	bcc220d20f6b97f4138677043a9319e9e9e565b17c57e35de2044bc26efe0495	a4cbcb57d85da16dc86a645ae286f65a577b963b	tracked	superseded	ineligible	unclear	clear_pointer	sha256:character/evidence/seooh/doksik_ep15-21.md; relative_path:character/evidence/seooh/doksik_ep15-21.md; name:block/evidence/seooh/doksik_ep15-21.md,esm/evidence/seooh/doksik_ep15-21.md	v3 duplicate candidate; do not migrate in Phase 0
v2	/Users/a2501/Desktop/ff_studio_v2/edge_repos/ff_foundry	character/evidence/seooh/doksik_ep22-50.md	character	1940	145779ec4f1bf869571eef42d447f57c774523f37b079d31b90284866acee049	a4cbcb57d85da16dc86a645ae286f65a577b963b	tracked	superseded	ineligible	unclear	clear_pointer	sha256:character/evidence/seooh/doksik_ep22-50.md; relative_path:character/evidence/seooh/doksik_ep22-50.md; name:block/evidence/seooh/doksik_ep22-50.md,esm/evidence/seooh/doksik_ep22-50.md	v3 duplicate candidate; do not migrate in Phase 0
v2	/Users/a2501/Desktop/ff_studio_v2/edge_repos/ff_foundry	character/evidence/seooh/doksik_ep78-86_imf_payoff.md	character	2495	cac86ad50eac4626607002e3f163b2f2e67a82ed38aa6fac9e57e294ccff72e1	a4cbcb57d85da16dc86a645ae286f65a577b963b	tracked	superseded	ineligible	yes	clear_pointer	sha256:character/evidence/seooh/doksik_ep78-86_imf_payoff.md; relative_path:character/evidence/seooh/doksik_ep78-86_imf_payoff.md; name:block/evidence/seooh/doksik_ep78-86_imf_payoff.md,esm/evidence/seooh/doksik_ep78-86_imf_payoff.md	v3 duplicate candidate; do not migrate in Phase 0
v2	/Users/a2501/Desktop/ff_studio_v2/edge_repos/ff_foundry	character/evidence/seooh/mabeop_ep01-05.md	character	3257	e7bfa6a4e813e3642e5556685e63ac50fc48a1e9ff67b8450d9efab26620bae3	a4cbcb57d85da16dc86a645ae286f65a577b963b	tracked	superseded	ineligible	unclear	clear_pointer	sha256:character/evidence/seooh/mabeop_ep01-05.md; relative_path:character/evidence/seooh/mabeop_ep01-05.md; name:block/evidence/seooh/mabeop_ep01-05.md,esm/evidence/seooh/mabeop_ep01-05.md	v3 duplicate candidate; do not migrate in Phase 0
v2	/Users/a2501/Desktop/ff_studio_v2/edge_repos/ff_foundry	character/evidence/seooh/mabeop_ep06-14.md	character	3296	a589bf57d5a26b1c00fcf67e1c6174a5601e2621224e33b45a0e18c5c5befd27	a4cbcb57d85da16dc86a645ae286f65a577b963b	tracked	superseded	ineligible	unclear	clear_pointer	sha256:character/evidence/seooh/mabeop_ep06-14.md; relative_path:character/evidence/seooh/mabeop_ep06-14.md; name:block/evidence/seooh/mabeop_ep06-14.md,esm/evidence/seooh/mabeop_ep06-14.md	v3 duplicate candidate; do not migrate in Phase 0
v2	/Users/a2501/Desktop/ff_studio_v2/edge_repos/ff_foundry	character/evidence/seooh/mabeop_ep15-21.md	character	2694	74eba99dc8355649deb999057f3cb727b3f3b2911fa4f9d93c1db4c54106af18	a4cbcb57d85da16dc86a645ae286f65a577b963b	tracked	superseded	ineligible	unclear	clear_pointer	sha256:character/evidence/seooh/mabeop_ep15-21.md; relative_path:character/evidence/seooh/mabeop_ep15-21.md; name:block/evidence/seooh/mabeop_ep15-21.md,esm/evidence/seooh/mabeop_ep15-21.md	v3 duplicate candidate; do not migrate in Phase 0
v2	/Users/a2501/Desktop/ff_studio_v2/edge_repos/ff_foundry	character/evidence/seooh/mabeop_ep22-50.md	character	4058	1e228ca5467ddcb964c24cda5a63b0674674a6c524b4b7775790289d60a64a78	a4cbcb57d85da16dc86a645ae286f65a577b963b	tracked	superseded	ineligible	unclear	clear_pointer	sha256:character/evidence/seooh/mabeop_ep22-50.md; relative_path:character/evidence/seooh/mabeop_ep22-50.md; name:block/evidence/seooh/mabeop_ep22-50.md,esm/evidence/seooh/mabeop_ep22-50.md	v3 duplicate candidate; do not migrate in Phase 0
v2	/Users/a2501/Desktop/ff_studio_v2/edge_repos/ff_foundry	character/evidence/seooh/yeonbong_ep01-05.md	character	2615	e7c1816c41abff09ad3ff29777e4195bae420693a30c06b624eba2d294247008	a4cbcb57d85da16dc86a645ae286f65a577b963b	tracked	superseded	ineligible	yes	clear_pointer	sha256:character/evidence/seooh/yeonbong_ep01-05.md; relative_path:character/evidence/seooh/yeonbong_ep01-05.md; name:block/evidence/seooh/yeonbong_ep01-05.md,esm/evidence/seooh/yeonbong_ep01-05.md	v3 duplicate candidate; do not migrate in Phase 0
v2	/Users/a2501/Desktop/ff_studio_v2/edge_repos/ff_foundry	character/evidence/seooh/yeonbong_ep06-14.md	character	3448	30fee5e64c0702f6234fd01af12d617de39267032f475966e2f34f99a627b76a	a4cbcb57d85da16dc86a645ae286f65a577b963b	tracked	superseded	ineligible	yes	clear_pointer	sha256:character/evidence/seooh/yeonbong_ep06-14.md; relative_path:character/evidence/seooh/yeonbong_ep06-14.md; name:block/evidence/seooh/yeonbong_ep06-14.md,esm/evidence/seooh/yeonbong_ep06-14.md	v3 duplicate candidate; do not migrate in Phase 0
v2	/Users/a2501/Desktop/ff_studio_v2/edge_repos/ff_foundry	character/evidence/seooh/yeonbong_ep15-21.md	character	4092	0c61a78a11659ba8838c8cb4803f692ae5b953fcc664f73e1a42cd14aa955998	a4cbcb57d85da16dc86a645ae286f65a577b963b	tracked	superseded	ineligible	unclear	clear_pointer	sha256:character/evidence/seooh/yeonbong_ep15-21.md; relative_path:character/evidence/seooh/yeonbong_ep15-21.md; name:block/evidence/seooh/yeonbong_ep15-21.md,esm/evidence/seooh/yeonbong_ep15-21.md	v3 duplicate candidate; do not migrate in Phase 0
v2	/Users/a2501/Desktop/ff_studio_v2/edge_repos/ff_foundry	character/evidence/seooh/yeonbong_ep22-50.md	character	3199	293d9d450d5fea4b62ed59c3f131b4b0e6cf5c0f02719f5a74f46a5d80a172a8	a4cbcb57d85da16dc86a645ae286f65a577b963b	tracked	superseded	ineligible	yes	clear_pointer	sha256:character/evidence/seooh/yeonbong_ep22-50.md; relative_path:character/evidence/seooh/yeonbong_ep22-50.md; name:block/evidence/seooh/yeonbong_ep22-50.md,esm/evidence/seooh/yeonbong_ep22-50.md	v3 duplicate candidate; do not migrate in Phase 0
v2	/Users/a2501/Desktop/ff_studio_v2/edge_repos/ff_foundry	character/protagonist_operating_archetypes.md	character	9332	6bc26d75da9f5cddf527e0b149a0a526acce8ea69966c0e1d1c4866fce787aad	a4cbcb57d85da16dc86a645ae286f65a577b963b	tracked	superseded	ineligible	unclear	clear_pointer	sha256:character/protagonist_operating_archetypes.md; relative_path:character/protagonist_operating_archetypes.md	v3 duplicate candidate; do not migrate in Phase 0
v2	/Users/a2501/Desktop/ff_studio_v2/edge_repos/ff_foundry	character/protagonist_operating_identity_template.md	character	2042	de16ec553260cc59de5f62148b70d4cd8413823a9db0eb456d44f195a99a620d	a4cbcb57d85da16dc86a645ae286f65a577b963b	tracked	superseded	ineligible	unclear	unclear	sha256:character/protagonist_operating_identity_template.md; relative_path:character/protagonist_operating_identity_template.md	v3 duplicate candidate; do not migrate in Phase 0
v2	/Users/a2501/Desktop/ff_studio_v2/edge_repos/ff_foundry	comparisons/.gitkeep	comparisons	1	01ba4719c80b6fe911b091a7c05124b64eeece964e09c058ef8f9805daca546b	a4cbcb57d85da16dc86a645ae286f65a577b963b	tracked	superseded	ineligible	unclear	unclear	sha256:block/.gitkeep,comparisons/.gitkeep,esm/.gitkeep,source_maps/.gitkeep; relative_path:comparisons/.gitkeep	v3 duplicate candidate; do not migrate in Phase 0
v2	/Users/a2501/Desktop/ff_studio_v2/edge_repos/ff_foundry	comparisons/doksik_human_pitch_inferred.md	comparisons	10632	fa12468cd6c9ca93e249a63c9ca395d6cf93a0336c7e9e0e79d2d4ee2c0fd818	a4cbcb57d85da16dc86a645ae286f65a577b963b	tracked	superseded	ineligible	yes	clear_pointer	sha256:comparisons/doksik_human_pitch_inferred.md; relative_path:comparisons/doksik_human_pitch_inferred.md	v3 duplicate candidate; do not migrate in Phase 0
v2	/Users/a2501/Desktop/ff_studio_v2/edge_repos/ff_foundry	craft/craft_doctrine.md	craft	27945	390f06b165790fa2ec782640a6e611c90fac27f7367640eca5d6b20c99753cfd	a4cbcb57d85da16dc86a645ae286f65a577b963b	tracked	superseded	ineligible	unclear	unclear	sha256:craft/craft_doctrine.md; relative_path:craft/craft_doctrine.md	v3 duplicate candidate; do not migrate in Phase 0
v2	/Users/a2501/Desktop/ff_studio_v2/edge_repos/ff_foundry	craft/craft_doctrine_inject.md	craft	4871	6cd6189f63ed82bb1b0edb4e94d013043d262ad15679f4d896b550a703f87bdc	a4cbcb57d85da16dc86a645ae286f65a577b963b	tracked	superseded	ineligible	unclear	unclear	sha256:craft/craft_doctrine_inject.md; relative_path:craft/craft_doctrine_inject.md	v3 duplicate candidate; do not migrate in Phase 0
v2	/Users/a2501/Desktop/ff_studio_v2/edge_repos/ff_foundry	craft/genre_profiles/README.md	craft	2096	8808eaf4c0885b00362c9027ac3d493e662b5e87217b9a3d42d82f4ee0929b12	a4cbcb57d85da16dc86a645ae286f65a577b963b	tracked	superseded	ineligible	unclear	unclear	sha256:craft/genre_profiles/README.md; relative_path:craft/genre_profiles/README.md	v3 duplicate candidate; do not migrate in Phase 0
v2	/Users/a2501/Desktop/ff_studio_v2/edge_repos/ff_foundry	craft/genre_profiles/martial_arts.md	craft	1863	62ca3f07fb0aae0993df41b661d37cf2b1ae510d1a295e50a0719a584f52ff11	a4cbcb57d85da16dc86a645ae286f65a577b963b	tracked	superseded	ineligible	unclear	unclear	sha256:craft/genre_profiles/martial_arts.md; relative_path:craft/genre_profiles/martial_arts.md	v3 duplicate candidate; do not migrate in Phase 0
v2	/Users/a2501/Desktop/ff_studio_v2/edge_repos/ff_foundry	craft/genre_profiles/modern_fantasy.md	craft	25902	0f08c6584bf2f82387f356ff7107f8be54b0e0f5f45a7107c5f6f86441282c90	a4cbcb57d85da16dc86a645ae286f65a577b963b	tracked	superseded	ineligible	unclear	unclear	sha256:craft/genre_profiles/modern_fantasy.md; relative_path:craft/genre_profiles/modern_fantasy.md	v3 duplicate candidate; do not migrate in Phase 0
v2	/Users/a2501/Desktop/ff_studio_v2/edge_repos/ff_foundry	craft/genre_profiles/modern_finance.md	craft	2108	4822436d7145a078b1608cb64379dc92fb5f14b6e6aff1112117a603aea6d5ce	a4cbcb57d85da16dc86a645ae286f65a577b963b	tracked	superseded	ineligible	yes	unclear	sha256:craft/genre_profiles/modern_finance.md; relative_path:craft/genre_profiles/modern_finance.md	v3 duplicate candidate; do not migrate in Phase 0
v2	/Users/a2501/Desktop/ff_studio_v2/edge_repos/ff_foundry	craft/protagonist_doctrine.md	craft	20316	592a95a43b47c3beb29c28d210b7a9a6e5b315bd9d65eea36a5f6ffc6a345a69	a4cbcb57d85da16dc86a645ae286f65a577b963b	tracked	superseded	ineligible	unclear	unclear	sha256:craft/protagonist_doctrine.md; relative_path:craft/protagonist_doctrine.md	v3 duplicate candidate; do not migrate in Phase 0
v2	/Users/a2501/Desktop/ff_studio_v2/edge_repos/ff_foundry	esm/.gitkeep	esm	1	01ba4719c80b6fe911b091a7c05124b64eeece964e09c058ef8f9805daca546b	a4cbcb57d85da16dc86a645ae286f65a577b963b	tracked	superseded	ineligible	unclear	unclear	sha256:block/.gitkeep,comparisons/.gitkeep,esm/.gitkeep,source_maps/.gitkeep; relative_path:esm/.gitkeep	v3 duplicate candidate; do not migrate in Phase 0
v2	/Users/a2501/Desktop/ff_studio_v2/edge_repos/ff_foundry	esm/README.md	esm	1082	9fb29770359b284444bb1f866f109797fa6c4c4fecf04bb058b0cb447f3c6b5e	a4cbcb57d85da16dc86a645ae286f65a577b963b	tracked	superseded	ineligible	unclear	unclear	sha256:esm/README.md; relative_path:esm/README.md	v3 duplicate candidate; do not migrate in Phase 0
v2	/Users/a2501/Desktop/ff_studio_v2/edge_repos/ff_foundry	esm/esm_bank.md	esm	43422	0b3bedfcfdef160a6820245b02ca14fd56d8c908a8fc8a2e73bcebf3cb81dd6f	a4cbcb57d85da16dc86a645ae286f65a577b963b	tracked	superseded	ineligible	unclear	clear_pointer	sha256:esm/esm_bank.md; relative_path:esm/esm_bank.md	v3 duplicate candidate; do not migrate in Phase 0
v2	/Users/a2501/Desktop/ff_studio_v2/edge_repos/ff_foundry	esm/evidence/kdh/geumsujeo_saenghwal.md	esm	11539	f60fb37ea1291c58376a84b3b2c8a1eb6cd9dc2ebb79c45e72997d057f5cbc17	a4cbcb57d85da16dc86a645ae286f65a577b963b	tracked	superseded	ineligible	yes	clear_pointer	sha256:esm/evidence/kdh/geumsujeo_saenghwal.md; relative_path:esm/evidence/kdh/geumsujeo_saenghwal.md; name:block/evidence/kdh/geumsujeo_saenghwal.md,character/evidence/kdh/geumsujeo_saenghwal.md	v3 duplicate candidate; do not migrate in Phase 0
v2	/Users/a2501/Desktop/ff_studio_v2/edge_repos/ff_foundry	esm/evidence/kdh/geumsujeo_tuja.md	esm	9843	7cead77e0db47f8244ff2bc755b24c7954b478e4ae562cc9308afea0e5f10acd	a4cbcb57d85da16dc86a645ae286f65a577b963b	tracked	superseded	ineligible	yes	clear_pointer	sha256:esm/evidence/kdh/geumsujeo_tuja.md; relative_path:esm/evidence/kdh/geumsujeo_tuja.md; name:block/evidence/kdh/geumsujeo_tuja.md,character/evidence/kdh/geumsujeo_tuja.md	v3 duplicate candidate; do not migrate in Phase 0
v2	/Users/a2501/Desktop/ff_studio_v2/edge_repos/ff_foundry	esm/evidence/kdh/seonggongsidae.md	esm	6102	855eadcb23013dd97a1a7d54d9b0bbfd7ce3baaf3ac3a3c5d1861ac446a5ee4e	a4cbcb57d85da16dc86a645ae286f65a577b963b	tracked	superseded	ineligible	unclear	clear_pointer	sha256:esm/evidence/kdh/seonggongsidae.md; relative_path:esm/evidence/kdh/seonggongsidae.md; name:block/evidence/kdh/seonggongsidae.md,character/evidence/kdh/seonggongsidae.md	v3 duplicate candidate; do not migrate in Phase 0
v2	/Users/a2501/Desktop/ff_studio_v2/edge_repos/ff_foundry	esm/evidence/seooh/doksik_ep01-05.md	esm	3746	f703358985d2976c5f77e4b81c7e4124b14f7e4436d05aa3196e4793e34fa1cf	a4cbcb57d85da16dc86a645ae286f65a577b963b	tracked	superseded	ineligible	yes	clear_pointer	sha256:esm/evidence/seooh/doksik_ep01-05.md; relative_path:esm/evidence/seooh/doksik_ep01-05.md; name:block/evidence/seooh/doksik_ep01-05.md,character/evidence/seooh/doksik_ep01-05.md	v3 duplicate candidate; do not migrate in Phase 0
v2	/Users/a2501/Desktop/ff_studio_v2/edge_repos/ff_foundry	esm/evidence/seooh/doksik_ep08-14.md	esm	3868	18fb0b673be2ea9886a123e24e37f93050b78946f97b2bf10f5219b61b050759	a4cbcb57d85da16dc86a645ae286f65a577b963b	tracked	superseded	ineligible	yes	clear_pointer	sha256:esm/evidence/seooh/doksik_ep08-14.md; relative_path:esm/evidence/seooh/doksik_ep08-14.md; name:block/evidence/seooh/doksik_ep08-14.md,character/evidence/seooh/doksik_ep08-14.md	v3 duplicate candidate; do not migrate in Phase 0
v2	/Users/a2501/Desktop/ff_studio_v2/edge_repos/ff_foundry	esm/evidence/seooh/doksik_ep15-21.md	esm	5314	df81b54ce1c9c4bbbc4add4a1ac21a95f302b7ffbb588c309651cb6e05271536	a4cbcb57d85da16dc86a645ae286f65a577b963b	tracked	superseded	ineligible	yes	clear_pointer	sha256:esm/evidence/seooh/doksik_ep15-21.md; relative_path:esm/evidence/seooh/doksik_ep15-21.md; name:block/evidence/seooh/doksik_ep15-21.md,character/evidence/seooh/doksik_ep15-21.md	v3 duplicate candidate; do not migrate in Phase 0
v2	/Users/a2501/Desktop/ff_studio_v2/edge_repos/ff_foundry	esm/evidence/seooh/doksik_ep22-50.md	esm	4036	90375e6069cd84a2df29112ba79262a4811aff163aea8f84a4a73f5d26e0b193	a4cbcb57d85da16dc86a645ae286f65a577b963b	tracked	superseded	ineligible	yes	clear_pointer	sha256:esm/evidence/seooh/doksik_ep22-50.md; relative_path:esm/evidence/seooh/doksik_ep22-50.md; name:block/evidence/seooh/doksik_ep22-50.md,character/evidence/seooh/doksik_ep22-50.md	v3 duplicate candidate; do not migrate in Phase 0
v2	/Users/a2501/Desktop/ff_studio_v2/edge_repos/ff_foundry	esm/evidence/seooh/doksik_ep78-86_imf_payoff.md	esm	4245	dbaa025fe1416a28b791bdbcbd567c4f1aedb97c01dd8eb4e42810398ba4e045	a4cbcb57d85da16dc86a645ae286f65a577b963b	tracked	superseded	ineligible	yes	clear_pointer	sha256:esm/evidence/seooh/doksik_ep78-86_imf_payoff.md; relative_path:esm/evidence/seooh/doksik_ep78-86_imf_payoff.md; name:block/evidence/seooh/doksik_ep78-86_imf_payoff.md,character/evidence/seooh/doksik_ep78-86_imf_payoff.md	v3 duplicate candidate; do not migrate in Phase 0
v2	/Users/a2501/Desktop/ff_studio_v2/edge_repos/ff_foundry	esm/evidence/seooh/mabeop_ep01-05.md	esm	4679	d504c4dee773164225d486a33ef30d34905b2bf149dde866861a0b6d07cd175c	a4cbcb57d85da16dc86a645ae286f65a577b963b	tracked	superseded	ineligible	unclear	clear_pointer	sha256:esm/evidence/seooh/mabeop_ep01-05.md; relative_path:esm/evidence/seooh/mabeop_ep01-05.md; name:block/evidence/seooh/mabeop_ep01-05.md,character/evidence/seooh/mabeop_ep01-05.md	v3 duplicate candidate; do not migrate in Phase 0
v2	/Users/a2501/Desktop/ff_studio_v2/edge_repos/ff_foundry	esm/evidence/seooh/mabeop_ep06-14.md	esm	7132	565c3ef2f2674b086512ad835cb9c450f2b5eda90d8f2276f58f0641cfcb4df0	a4cbcb57d85da16dc86a645ae286f65a577b963b	tracked	superseded	ineligible	unclear	clear_pointer	sha256:esm/evidence/seooh/mabeop_ep06-14.md; relative_path:esm/evidence/seooh/mabeop_ep06-14.md; name:block/evidence/seooh/mabeop_ep06-14.md,character/evidence/seooh/mabeop_ep06-14.md	v3 duplicate candidate; do not migrate in Phase 0
v2	/Users/a2501/Desktop/ff_studio_v2/edge_repos/ff_foundry	esm/evidence/seooh/mabeop_ep15-21.md	esm	7177	fc413a140b80fc3506229616fb6efcc6dd40a2b62a8e225b0e91996a9a7b8da7	a4cbcb57d85da16dc86a645ae286f65a577b963b	tracked	superseded	ineligible	unclear	clear_pointer	sha256:esm/evidence/seooh/mabeop_ep15-21.md; relative_path:esm/evidence/seooh/mabeop_ep15-21.md; name:block/evidence/seooh/mabeop_ep15-21.md,character/evidence/seooh/mabeop_ep15-21.md	v3 duplicate candidate; do not migrate in Phase 0
v2	/Users/a2501/Desktop/ff_studio_v2/edge_repos/ff_foundry	esm/evidence/seooh/mabeop_ep22-50.md	esm	8622	b70bf6849d83915db681df725e3864a2921ba5e1dd6682478d34d305f4c508bb	a4cbcb57d85da16dc86a645ae286f65a577b963b	tracked	superseded	ineligible	unclear	clear_pointer	sha256:esm/evidence/seooh/mabeop_ep22-50.md; relative_path:esm/evidence/seooh/mabeop_ep22-50.md; name:block/evidence/seooh/mabeop_ep22-50.md,character/evidence/seooh/mabeop_ep22-50.md	v3 duplicate candidate; do not migrate in Phase 0
v2	/Users/a2501/Desktop/ff_studio_v2/edge_repos/ff_foundry	esm/evidence/seooh/yeonbong_ep01-05.md	esm	3246	b3cdcc798ef66a86ddf28aa099e7b4fb8c9e343ad52988e31f0278d442092a76	a4cbcb57d85da16dc86a645ae286f65a577b963b	tracked	superseded	ineligible	yes	clear_pointer	sha256:esm/evidence/seooh/yeonbong_ep01-05.md; relative_path:esm/evidence/seooh/yeonbong_ep01-05.md; name:block/evidence/seooh/yeonbong_ep01-05.md,character/evidence/seooh/yeonbong_ep01-05.md	v3 duplicate candidate; do not migrate in Phase 0
v2	/Users/a2501/Desktop/ff_studio_v2/edge_repos/ff_foundry	esm/evidence/seooh/yeonbong_ep06-14.md	esm	6212	431e01ca95d330da95df6b54bf7809d1aedf6a60b72abd32e145d8162eb653a3	a4cbcb57d85da16dc86a645ae286f65a577b963b	tracked	superseded	ineligible	yes	clear_pointer	sha256:esm/evidence/seooh/yeonbong_ep06-14.md; relative_path:esm/evidence/seooh/yeonbong_ep06-14.md; name:block/evidence/seooh/yeonbong_ep06-14.md,character/evidence/seooh/yeonbong_ep06-14.md	v3 duplicate candidate; do not migrate in Phase 0
v2	/Users/a2501/Desktop/ff_studio_v2/edge_repos/ff_foundry	esm/evidence/seooh/yeonbong_ep15-21.md	esm	6590	f8013144dde72672ab47e8cee953d66a39a13449b33b892cbb7f530950b012e0	a4cbcb57d85da16dc86a645ae286f65a577b963b	tracked	superseded	ineligible	unclear	clear_pointer	sha256:esm/evidence/seooh/yeonbong_ep15-21.md; relative_path:esm/evidence/seooh/yeonbong_ep15-21.md; name:block/evidence/seooh/yeonbong_ep15-21.md,character/evidence/seooh/yeonbong_ep15-21.md	v3 duplicate candidate; do not migrate in Phase 0
v2	/Users/a2501/Desktop/ff_studio_v2/edge_repos/ff_foundry	esm/evidence/seooh/yeonbong_ep22-50.md	esm	5803	7ce828f52d14e38634863d49dc61b1eba488ffdec92b4a0f789c2b7bfa3bde3d	a4cbcb57d85da16dc86a645ae286f65a577b963b	tracked	superseded	ineligible	yes	clear_pointer	sha256:esm/evidence/seooh/yeonbong_ep22-50.md; relative_path:esm/evidence/seooh/yeonbong_ep22-50.md; name:block/evidence/seooh/yeonbong_ep22-50.md,character/evidence/seooh/yeonbong_ep22-50.md	v3 duplicate candidate; do not migrate in Phase 0
v2	/Users/a2501/Desktop/ff_studio_v2/edge_repos/ff_foundry	howlib/README.md	howlib	7112	873b8655c55cc620996adaff07cf2d486cb8c08f1d44a25bd11ba01e8746df12	a4cbcb57d85da16dc86a645ae286f65a577b963b	tracked	methodology	ineligible	unclear	unclear	none	index, template, brief, or dispatch methodology
v2	/Users/a2501/Desktop/ff_studio_v2/edge_repos/ff_foundry	howlib/casebook_lookup.md	howlib	23072	fc584534c2a9fbe8317aef40a47fbb8c23afecb22d09cad925b6c588a873d332	a4cbcb57d85da16dc86a645ae286f65a577b963b	tracked	bank_card	genre_pack	unclear	unclear	none	curated material or Story Block candidate; requires Phase 1 provenance review
v2	/Users/a2501/Desktop/ff_studio_v2/edge_repos/ff_foundry	howlib/moves_tagged_block.md	howlib	24634	d7dd6161115def87e02961eb885f7b753f3b0cfabbcf265ab49bb4ca8265e0a3	a4cbcb57d85da16dc86a645ae286f65a577b963b	tracked	bank_card	genre_pack	unclear	unclear	none	curated material or Story Block candidate; requires Phase 1 provenance review
v2	/Users/a2501/Desktop/ff_studio_v2/edge_repos/ff_foundry	howlib/moves_tagged_esm.md	howlib	31219	25bce6fdd03a0644a16062fa829587105e09f93184f9c6978fcc53299e28dec9	a4cbcb57d85da16dc86a645ae286f65a577b963b	tracked	bank_card	genre_pack	unclear	clear_pointer	none	curated material or Story Block candidate; requires Phase 1 provenance review
v2	/Users/a2501/Desktop/ff_studio_v2/edge_repos/ff_foundry	howlib/moves_tagged_qrp.md	howlib	57475	e6e7ec71492ada4dec547b4555f712da4ce7ae4feffd2663c2ccdf78caf934ff	a4cbcb57d85da16dc86a645ae286f65a577b963b	tracked	bank_card	genre_pack	unclear	unclear	none	curated material or Story Block candidate; requires Phase 1 provenance review
v2	/Users/a2501/Desktop/ff_studio_v2/edge_repos/ff_foundry	howlib/situation_matrix.md	howlib	9625	1c3592a97b3924d5b7fe7849c8fe6ee3d094fa54291e9003cf21d3ed63275575	a4cbcb57d85da16dc86a645ae286f65a577b963b	tracked	bank_card	genre_pack	unclear	clear_pointer	none	curated material or Story Block candidate; requires Phase 1 provenance review
v2	/Users/a2501/Desktop/ff_studio_v2/edge_repos/ff_foundry	howlib/want_canon.md	howlib	14586	d4930121f4d59c71c68ed5ea0fdef13d8290793efa7513002c0c8f3f832ed833	a4cbcb57d85da16dc86a645ae286f65a577b963b	tracked	bank_card	genre_pack	unclear	unclear	none	curated material or Story Block candidate; requires Phase 1 provenance review
v2	/Users/a2501/Desktop/ff_studio_v2/edge_repos/ff_foundry	opening/opening_pattern_canon.md	opening	33764	74204ee59ee2bb85d1578d1878f02b230edbd8e58e72bf2786a9bc7cd39758a8	a4cbcb57d85da16dc86a645ae286f65a577b963b	tracked	bank_card	cross_genre_candidate	no	clear_pointer	none	opening structure card; source-grounded methodology warrants Phase 1 provenance and v3-role review
v2	/Users/a2501/Desktop/ff_studio_v2/edge_repos/ff_foundry	pitch/README.md	pitch	1166	89c86b2145aa34454360e7eaec38d586f1feb8f9ed80c4de85086e7f95acf112	a4cbcb57d85da16dc86a645ae286f65a577b963b	tracked	methodology	ineligible	yes	clear_pointer	none	index, template, brief, or dispatch methodology
v2	/Users/a2501/Desktop/ff_studio_v2/edge_repos/ff_foundry	pitch/_extraction_brief.md	pitch	3292	8a904347472467a15c8ea4d739c56b1aa3214ae54b4c22f5c6e19c09c16ed438	a4cbcb57d85da16dc86a645ae286f65a577b963b	tracked	methodology	ineligible	yes	clear_pointer	none	index, template, brief, or dispatch methodology
v2	/Users/a2501/Desktop/ff_studio_v2/edge_repos/ff_foundry	pitch/extracted/chaebol_jangnam_value.md	pitch	21686	bb6f2a778ee46d919aa4fef99efdce3ce588540d749e2fabee2115f9b00c8ae2	a4cbcb57d85da16dc86a645ae286f65a577b963b	tracked	bank_card	genre_pack	yes	clear_pointer	none	curated material or Story Block candidate; requires Phase 1 provenance review
v2	/Users/a2501/Desktop/ff_studio_v2/edge_repos/ff_foundry	pitch/extracted/chaebol_maknae_villain.md	pitch	15756	8c684160fbab4941fa3dacd6e0f07fc199440b001ec32e545609763985884453	a4cbcb57d85da16dc86a645ae286f65a577b963b	tracked	bank_card	genre_pack	yes	clear_pointer	none	curated material or Story Block candidate; requires Phase 1 provenance review
v2	/Users/a2501/Desktop/ff_studio_v2/edge_repos/ff_foundry	pitch/extracted/geomeunmeori_us.md	pitch	17262	27ee2a785678c7aa40ce004f5645d61b906accc5ca7d60ef735ba512c26c3735	a4cbcb57d85da16dc86a645ae286f65a577b963b	tracked	bank_card	genre_pack	yes	clear_pointer	none	curated material or Story Block candidate; requires Phase 1 provenance review
v2	/Users/a2501/Desktop/ff_studio_v2/edge_repos/ff_foundry	pitch/extracted/geumsujeo_saenghwal.md	pitch	19194	0ea61030f1deef8a7e3f849463c10428cedd34e7c3de51008e6a32e08766fc10	a4cbcb57d85da16dc86a645ae286f65a577b963b	tracked	bank_card	genre_pack	yes	clear_pointer	name:block/evidence/kdh/geumsujeo_saenghwal.md,character/evidence/kdh/geumsujeo_saenghwal.md,esm/evidence/kdh/geumsujeo_saenghwal.md	curated material or Story Block candidate; requires Phase 1 provenance review
v2	/Users/a2501/Desktop/ff_studio_v2/edge_repos/ff_foundry	pitch/extracted/geumsujeo_tuja.md	pitch	16806	27e4eb0bda8705cb743d29e45bea9523e13ae61646d02d51580ea17455813ad6	a4cbcb57d85da16dc86a645ae286f65a577b963b	tracked	bank_card	genre_pack	yes	clear_pointer	name:block/evidence/kdh/geumsujeo_tuja.md,character/evidence/kdh/geumsujeo_tuja.md,esm/evidence/kdh/geumsujeo_tuja.md	curated material or Story Block candidate; requires Phase 1 provenance review
v2	/Users/a2501/Desktop/ff_studio_v2/edge_repos/ff_foundry	pitch/extracted/jusik_sin.md	pitch	14632	090fcbe58661a78bad780b91f90e2afd847d0a51a98b2211c5687f9dbd108bb7	a4cbcb57d85da16dc86a645ae286f65a577b963b	tracked	bank_card	genre_pack	yes	clear_pointer	none	curated material or Story Block candidate; requires Phase 1 provenance review
v2	/Users/a2501/Desktop/ff_studio_v2/edge_repos/ff_foundry	pitch/extracted/mabeop.md	pitch	17540	be3f4c64f6c590c11d8b94d58a28a42d164c16b15d2950a62e4daeca7a3287a0	a4cbcb57d85da16dc86a645ae286f65a577b963b	tracked	bank_card	genre_pack	yes	unclear	none	curated material or Story Block candidate; requires Phase 1 provenance review
v2	/Users/a2501/Desktop/ff_studio_v2/edge_repos/ff_foundry	pitch/extracted/relife_agent.md	pitch	18639	07ab36be80715ee57acb229c46a8d41db137e01ea118fe0cd6ee5efc4f96059f	a4cbcb57d85da16dc86a645ae286f65a577b963b	tracked	bank_card	genre_pack	yes	clear_pointer	none	curated material or Story Block candidate; requires Phase 1 provenance review
v2	/Users/a2501/Desktop/ff_studio_v2/edge_repos/ff_foundry	pitch/extracted/seonggongsidae.md	pitch	21553	09e15d65f6435951bcb2f5f8bc157df9ceeadfd8d1707e301eca658931a962da	a4cbcb57d85da16dc86a645ae286f65a577b963b	tracked	bank_card	genre_pack	yes	unclear	name:block/evidence/kdh/seonggongsidae.md,character/evidence/kdh/seonggongsidae.md,esm/evidence/kdh/seonggongsidae.md	curated material or Story Block candidate; requires Phase 1 provenance review
v2	/Users/a2501/Desktop/ff_studio_v2/edge_repos/ff_foundry	pitch/extracted/sigan_yeohaengja.md	pitch	22219	abb99ec913a9164b6d740288cbda58b0065955cb05c465791e9ab2fabe9446ca	a4cbcb57d85da16dc86a645ae286f65a577b963b	tracked	bank_card	genre_pack	yes	clear_pointer	none	curated material or Story Block candidate; requires Phase 1 provenance review
v2	/Users/a2501/Desktop/ff_studio_v2/edge_repos/ff_foundry	pitch/extracted/sss_nuclear_chaebol.md	pitch	21626	fae379fdbfac9082d0ca4367e0c239ee4cdceb72ba01c17cb5d713346a7490c6	a4cbcb57d85da16dc86a645ae286f65a577b963b	tracked	bank_card	genre_pack	yes	clear_pointer	none	curated material or Story Block candidate; requires Phase 1 provenance review
v2	/Users/a2501/Desktop/ff_studio_v2/edge_repos/ff_foundry	pitch/extracted/yeonbong.md	pitch	22076	05e0f84579e502cf3cea367b843b6ecfea7f6ab1960b8942adba010ceb09fb3f	a4cbcb57d85da16dc86a645ae286f65a577b963b	tracked	bank_card	genre_pack	yes	unclear	none	curated material or Story Block candidate; requires Phase 1 provenance review
v2	/Users/a2501/Desktop/ff_studio_v2/edge_repos/ff_foundry	pitch/pitch_bank.md	pitch	57626	5e4389b3fe00864f164343896d22eabaa64ff93a366bcae7a17b6d045f2de15d	a4cbcb57d85da16dc86a645ae286f65a577b963b	tracked	bank_card	genre_pack	yes	clear_pointer	none	curated material or Story Block candidate; requires Phase 1 provenance review
v2	/Users/a2501/Desktop/ff_studio_v2/edge_repos/ff_foundry	presets/README.md	presets	410	8d676958225cf1790573b97f9d487e8ff8f78b9324071fca1bda8f731076c1db	a4cbcb57d85da16dc86a645ae286f65a577b963b	tracked	superseded	ineligible	unclear	unclear	sha256:presets/README.md; relative_path:presets/README.md	v3 duplicate candidate; do not migrate in Phase 0
v2	/Users/a2501/Desktop/ff_studio_v2/edge_repos/ff_foundry	presets/modern_fantasy_chaebol/greenfield_pitch_dispatch.md	presets	5203	a3d167bca7f0aa6b04578984c6cb1dd2031773dc09885f6ebe6930ebb71fe354	a4cbcb57d85da16dc86a645ae286f65a577b963b	tracked	superseded	ineligible	yes	clear_pointer	sha256:presets/modern_fantasy_chaebol/greenfield_pitch_dispatch.md; relative_path:presets/modern_fantasy_chaebol/greenfield_pitch_dispatch.md	v3 duplicate candidate; do not migrate in Phase 0
v2	/Users/a2501/Desktop/ff_studio_v2/edge_repos/ff_foundry	qrp/README.md	qrp	810	b13fbe9d2a94bfdd6980691fcde1a10d3f0529e4db6ca2e80be99f127b244a2c	a4cbcb57d85da16dc86a645ae286f65a577b963b	tracked	methodology	ineligible	unclear	clear_pointer	none	index, template, brief, or dispatch methodology
v2	/Users/a2501/Desktop/ff_studio_v2/edge_repos/ff_foundry	qrp/seooh/_campaign/README.md	qrp	4399	2a061653199f8d1e5613cc3609363793df4f999f820132f4ffa45ea827a3a779	a4cbcb57d85da16dc86a645ae286f65a577b963b	tracked	model_run	ineligible	yes	clear_pointer	none	model output, campaign artifact, or execution log
v2	/Users/a2501/Desktop/ff_studio_v2/edge_repos/ff_foundry	qrp/seooh/_campaign/_key_ep08-14.md	qrp	633	fce239478994cfffefda9cd94cbc63de5bfc83def4426617b4aa90f69ae5fb4f	a4cbcb57d85da16dc86a645ae286f65a577b963b	tracked	model_run	ineligible	unclear	unclear	none	model output, campaign artifact, or execution log
v2	/Users/a2501/Desktop/ff_studio_v2/edge_repos/ff_foundry	qrp/seooh/_campaign/blind_ep08-14.md	qrp	35858	c4ba669ecbd89bfb3fc169c79c027b30d788c9ed6f3e34f7894a9115f22774e4	a4cbcb57d85da16dc86a645ae286f65a577b963b	tracked	model_run	ineligible	yes	unclear	none	model output, campaign artifact, or execution log
v2	/Users/a2501/Desktop/ff_studio_v2/edge_repos/ff_foundry	qrp/seooh/_campaign/dry_ledger.md	qrp	45643	6769bdfa6431a9e413249d2321bfefbd17196cb196a63beffe6a60c11e9c1fd0	a4cbcb57d85da16dc86a645ae286f65a577b963b	tracked	model_run	ineligible	yes	unclear	none	model output, campaign artifact, or execution log
v2	/Users/a2501/Desktop/ff_studio_v2/edge_repos/ff_foundry	qrp/seooh/_campaign/dry_ledger_codex.md	qrp	32942	238263d7be5c3897f398441035e3c385dc4f9d2ef76694b2e0745ae7bb4e87ea	a4cbcb57d85da16dc86a645ae286f65a577b963b	tracked	model_run	ineligible	yes	unclear	none	model output, campaign artifact, or execution log
v2	/Users/a2501/Desktop/ff_studio_v2/edge_repos/ff_foundry	qrp/seooh/_campaign/mabeop_progress_claude.log	qrp	3451	a13422459b0f306971dc6237083d192f2a25627adcf79a584a07e7271d8a16c9	a4cbcb57d85da16dc86a645ae286f65a577b963b	tracked	model_run	ineligible	unclear	unclear	none	model output, campaign artifact, or execution log
v2	/Users/a2501/Desktop/ff_studio_v2/edge_repos/ff_foundry	qrp/seooh/_campaign/mabeop_progress_codex.log	qrp	3103	56f72eaf55812406c1c74319778d798a58c23fdc59cf233e864113c109f4105f	a4cbcb57d85da16dc86a645ae286f65a577b963b	tracked	model_run	ineligible	unclear	unclear	none	model output, campaign artifact, or execution log
v2	/Users/a2501/Desktop/ff_studio_v2/edge_repos/ff_foundry	qrp/seooh/_campaign/prompt_qrp.md	qrp	2291	71077381f7bdf22f4e01a1f3c1dd511f5ebee663d08b5c53ff64f38912a4e878	a4cbcb57d85da16dc86a645ae286f65a577b963b	tracked	model_run	ineligible	unclear	clear_pointer	none	model output, campaign artifact, or execution log
v2	/Users/a2501/Desktop/ff_studio_v2/edge_repos/ff_foundry	qrp/seooh/_campaign/slices/doksik_ep08-14.txt	qrp	93904	f14b62a327d95dc4ab3a1024449d78f14effa0405db8e48628d7fd44d9f5a4f6	a4cbcb57d85da16dc86a645ae286f65a577b963b	tracked	raw_source	ineligible	yes	raw_or_excerpt	name:block/evidence/seooh/doksik_ep08-14.md,character/evidence/seooh/doksik_ep08-14.md,esm/evidence/seooh/doksik_ep08-14.md	source slice or raw text; metadata-only treatment
v2	/Users/a2501/Desktop/ff_studio_v2/edge_repos/ff_foundry	qrp/seooh/_campaign/slices/doksik_ep15-21.txt	qrp	92492	df12fb7f1dd6da22dbc46d2d28fe8631a27b282a15c755af10c0ec4c4d448ee5	a4cbcb57d85da16dc86a645ae286f65a577b963b	tracked	raw_source	ineligible	yes	raw_or_excerpt	name:block/evidence/seooh/doksik_ep15-21.md,character/evidence/seooh/doksik_ep15-21.md,esm/evidence/seooh/doksik_ep15-21.md	source slice or raw text; metadata-only treatment
v2	/Users/a2501/Desktop/ff_studio_v2/edge_repos/ff_foundry	qrp/seooh/_campaign/slices/doksik_ep22-28.txt	qrp	93115	03ab1c14aaf70a84e62e4d5fecc18d147597411dc61189ceeb20903f72b040f9	a4cbcb57d85da16dc86a645ae286f65a577b963b	tracked	raw_source	ineligible	yes	raw_or_excerpt	none	source slice or raw text; metadata-only treatment
v2	/Users/a2501/Desktop/ff_studio_v2/edge_repos/ff_foundry	qrp/seooh/_campaign/slices/doksik_ep29-35.txt	qrp	93287	311bcb58118433f76d6e56504f7c6f140faad0386d1be4dc9e03fc4742a090b4	a4cbcb57d85da16dc86a645ae286f65a577b963b	tracked	raw_source	ineligible	yes	raw_or_excerpt	none	source slice or raw text; metadata-only treatment
v2	/Users/a2501/Desktop/ff_studio_v2/edge_repos/ff_foundry	qrp/seooh/_campaign/slices/doksik_ep36-42.txt	qrp	93726	a734dd25d6cd69d015e49590ef700f52d5d1089cd22fa1bdfefab8dea3ff248c	a4cbcb57d85da16dc86a645ae286f65a577b963b	tracked	raw_source	ineligible	yes	raw_or_excerpt	none	source slice or raw text; metadata-only treatment
v2	/Users/a2501/Desktop/ff_studio_v2/edge_repos/ff_foundry	qrp/seooh/_campaign/slices/doksik_ep43-49.txt	qrp	94361	cad66dc423f0d3a2fc03cfc215ee8085313f763ced622c999eb6cf6f56b02645	a4cbcb57d85da16dc86a645ae286f65a577b963b	tracked	raw_source	ineligible	yes	raw_or_excerpt	none	source slice or raw text; metadata-only treatment
v2	/Users/a2501/Desktop/ff_studio_v2/edge_repos/ff_foundry	qrp/seooh/_campaign/slices/doksik_ep50-56.txt	qrp	95302	e1f474b56423f1319e619ad52f9f718ce36364a9b0d419aa4566be5d5421b400	a4cbcb57d85da16dc86a645ae286f65a577b963b	tracked	raw_source	ineligible	yes	raw_or_excerpt	none	source slice or raw text; metadata-only treatment
v2	/Users/a2501/Desktop/ff_studio_v2/edge_repos/ff_foundry	qrp/seooh/_campaign/slices/doksik_ep57-63.txt	qrp	93312	880fdeb1f702eb8f254dd9b87a73c9b5f6a25b6c0c5d46ecd2079f2b8e905ae7	a4cbcb57d85da16dc86a645ae286f65a577b963b	tracked	raw_source	ineligible	yes	raw_or_excerpt	none	source slice or raw text; metadata-only treatment
v2	/Users/a2501/Desktop/ff_studio_v2/edge_repos/ff_foundry	qrp/seooh/_campaign/slices/doksik_ep64-70.txt	qrp	92646	8e2050d94b9fd7c845fd06142096b1673e1e391a074ba158d3470aea3dc9cf7a	a4cbcb57d85da16dc86a645ae286f65a577b963b	tracked	raw_source	ineligible	yes	raw_or_excerpt	none	source slice or raw text; metadata-only treatment
v2	/Users/a2501/Desktop/ff_studio_v2/edge_repos/ff_foundry	qrp/seooh/_campaign/slices/doksik_ep71-77.txt	qrp	91483	41af08cf4cb07d4f18c96a1342e155e9a076dd75e5a889f375e37c0fa712e455	a4cbcb57d85da16dc86a645ae286f65a577b963b	tracked	raw_source	ineligible	yes	raw_or_excerpt	none	source slice or raw text; metadata-only treatment
v2	/Users/a2501/Desktop/ff_studio_v2/edge_repos/ff_foundry	qrp/seooh/_campaign/slices/doksik_ep78-84.txt	qrp	92896	55ed822e69c65c06d9bc8b245864c3d4b36362cc56344d75365b588a9c525b3a	a4cbcb57d85da16dc86a645ae286f65a577b963b	tracked	raw_source	ineligible	yes	raw_or_excerpt	none	source slice or raw text; metadata-only treatment
v2	/Users/a2501/Desktop/ff_studio_v2/edge_repos/ff_foundry	qrp/seooh/_campaign/slices/doksik_ep85-91.txt	qrp	92943	3aee97f7f8308290ac2900f12b8c32cbe433ca28b8307da335ddb897cae92953	a4cbcb57d85da16dc86a645ae286f65a577b963b	tracked	raw_source	ineligible	yes	raw_or_excerpt	none	source slice or raw text; metadata-only treatment
v2	/Users/a2501/Desktop/ff_studio_v2/edge_repos/ff_foundry	qrp/seooh/_campaign/slices/mabeop_ep01-07.txt	qrp	93117	54e178123bb846479b89070257bc6f6cadaf9ee38696c2f2c52094fea67be4f8	a4cbcb57d85da16dc86a645ae286f65a577b963b	tracked	raw_source	ineligible	yes	raw_or_excerpt	none	source slice or raw text; metadata-only treatment
v2	/Users/a2501/Desktop/ff_studio_v2/edge_repos/ff_foundry	qrp/seooh/_campaign/slices/mabeop_ep08-14.txt	qrp	94389	e78db11daf2d7da4665fd7647e78a5c297412f336a0bdd6668c0f4c0a94b9b51	a4cbcb57d85da16dc86a645ae286f65a577b963b	tracked	raw_source	ineligible	yes	raw_or_excerpt	none	source slice or raw text; metadata-only treatment
v2	/Users/a2501/Desktop/ff_studio_v2/edge_repos/ff_foundry	qrp/seooh/_campaign/slices/mabeop_ep106-112.txt	qrp	96362	1e55933b604d8d36ad4cbe53084e1ccac9a6b5c82bbcbbfc73710c239c01d398	a4cbcb57d85da16dc86a645ae286f65a577b963b	tracked	raw_source	ineligible	yes	raw_or_excerpt	none	source slice or raw text; metadata-only treatment
v2	/Users/a2501/Desktop/ff_studio_v2/edge_repos/ff_foundry	qrp/seooh/_campaign/slices/mabeop_ep113-119.txt	qrp	93906	1e90e74c1a7a3b258b58fb8b19991ee612a45d1008995dce1b0a6021f50520f2	a4cbcb57d85da16dc86a645ae286f65a577b963b	tracked	raw_source	ineligible	yes	raw_or_excerpt	none	source slice or raw text; metadata-only treatment
v2	/Users/a2501/Desktop/ff_studio_v2/edge_repos/ff_foundry	qrp/seooh/_campaign/slices/mabeop_ep120-126.txt	qrp	94061	143f339790cb7989961ab53e86ace04f91730abbbff9fc2c6a5e40da3755cd25	a4cbcb57d85da16dc86a645ae286f65a577b963b	tracked	raw_source	ineligible	yes	raw_or_excerpt	none	source slice or raw text; metadata-only treatment
v2	/Users/a2501/Desktop/ff_studio_v2/edge_repos/ff_foundry	qrp/seooh/_campaign/slices/mabeop_ep127-133.txt	qrp	95789	28b9d0511711a37c479071d348c055079541af2135b499077a49cf446a7d6225	a4cbcb57d85da16dc86a645ae286f65a577b963b	tracked	raw_source	ineligible	yes	raw_or_excerpt	none	source slice or raw text; metadata-only treatment
v2	/Users/a2501/Desktop/ff_studio_v2/edge_repos/ff_foundry	qrp/seooh/_campaign/slices/mabeop_ep134-140.txt	qrp	94667	bd4897a480328b12d8aa3d1ac7a20fed2c4d2ce99fba727b578c37b0bd387fc5	a4cbcb57d85da16dc86a645ae286f65a577b963b	tracked	raw_source	ineligible	yes	raw_or_excerpt	none	source slice or raw text; metadata-only treatment
v2	/Users/a2501/Desktop/ff_studio_v2/edge_repos/ff_foundry	qrp/seooh/_campaign/slices/mabeop_ep141-147.txt	qrp	96176	ee1f5c224aec45bb4b47f97b9462cdb5d31e5ab808795435e08ac1f3925249b8	a4cbcb57d85da16dc86a645ae286f65a577b963b	tracked	raw_source	ineligible	yes	raw_or_excerpt	none	source slice or raw text; metadata-only treatment
v2	/Users/a2501/Desktop/ff_studio_v2/edge_repos/ff_foundry	qrp/seooh/_campaign/slices/mabeop_ep148-154.txt	qrp	96268	46fa1c41d1a424e350303577e4e184b46888d7c680426fba33a77b895da8d3ad	a4cbcb57d85da16dc86a645ae286f65a577b963b	tracked	raw_source	ineligible	yes	raw_or_excerpt	none	source slice or raw text; metadata-only treatment
v2	/Users/a2501/Desktop/ff_studio_v2/edge_repos/ff_foundry	qrp/seooh/_campaign/slices/mabeop_ep15-21.txt	qrp	94448	7f7abe1dbefcf0ba8fe3effba85c773450ae3eff6f19bc221d370ca4aaf0c0f6	a4cbcb57d85da16dc86a645ae286f65a577b963b	tracked	raw_source	ineligible	yes	raw_or_excerpt	name:block/evidence/seooh/mabeop_ep15-21.md,character/evidence/seooh/mabeop_ep15-21.md,esm/evidence/seooh/mabeop_ep15-21.md	source slice or raw text; metadata-only treatment
v2	/Users/a2501/Desktop/ff_studio_v2/edge_repos/ff_foundry	qrp/seooh/_campaign/slices/mabeop_ep155-161.txt	qrp	95879	4b5752edcb3fd8e43198d0cb66b31c79242e4e0e08941b80049eb0c91b873709	a4cbcb57d85da16dc86a645ae286f65a577b963b	tracked	raw_source	ineligible	yes	raw_or_excerpt	none	source slice or raw text; metadata-only treatment
v2	/Users/a2501/Desktop/ff_studio_v2/edge_repos/ff_foundry	qrp/seooh/_campaign/slices/mabeop_ep162-168.txt	qrp	95486	435fdd88160070fcd3e749fdd62dfa10c275c6072d602401026860b6ce749517	a4cbcb57d85da16dc86a645ae286f65a577b963b	tracked	raw_source	ineligible	yes	raw_or_excerpt	none	source slice or raw text; metadata-only treatment
v2	/Users/a2501/Desktop/ff_studio_v2/edge_repos/ff_foundry	qrp/seooh/_campaign/slices/mabeop_ep169-175.txt	qrp	95012	2c92e048481a0c0789f9f359ccf624a816b2fbb777dfb2e5d4be91edec3e4d9d	a4cbcb57d85da16dc86a645ae286f65a577b963b	tracked	raw_source	ineligible	yes	raw_or_excerpt	none	source slice or raw text; metadata-only treatment
v2	/Users/a2501/Desktop/ff_studio_v2/edge_repos/ff_foundry	qrp/seooh/_campaign/slices/mabeop_ep176-182.txt	qrp	93848	b924fcdd7f7c11ae4144b559c99d495a4500a9e7110be926cf5c85c856ed04bd	a4cbcb57d85da16dc86a645ae286f65a577b963b	tracked	raw_source	ineligible	yes	raw_or_excerpt	none	source slice or raw text; metadata-only treatment
v2	/Users/a2501/Desktop/ff_studio_v2/edge_repos/ff_foundry	qrp/seooh/_campaign/slices/mabeop_ep183-189.txt	qrp	95739	b96eeaa7a0ae1728baa6b51c923c3cf15149b4b2fa3f502b8ceb43dd797da828	a4cbcb57d85da16dc86a645ae286f65a577b963b	tracked	raw_source	ineligible	yes	raw_or_excerpt	none	source slice or raw text; metadata-only treatment
v2	/Users/a2501/Desktop/ff_studio_v2/edge_repos/ff_foundry	qrp/seooh/_campaign/slices/mabeop_ep190-196.txt	qrp	95572	9361ce50fca5b25e4cef2a5579a1dc1c737310f824234bc9e758009b5c3d7cad	a4cbcb57d85da16dc86a645ae286f65a577b963b	tracked	raw_source	ineligible	yes	raw_or_excerpt	none	source slice or raw text; metadata-only treatment
v2	/Users/a2501/Desktop/ff_studio_v2/edge_repos/ff_foundry	qrp/seooh/_campaign/slices/mabeop_ep197-203.txt	qrp	95561	e6567643df36956e8f5a81643dfec3a88438fdd514ec62fc709223f3a5e326cc	a4cbcb57d85da16dc86a645ae286f65a577b963b	tracked	raw_source	ineligible	yes	raw_or_excerpt	none	source slice or raw text; metadata-only treatment
v2	/Users/a2501/Desktop/ff_studio_v2/edge_repos/ff_foundry	qrp/seooh/_campaign/slices/mabeop_ep204-210.txt	qrp	94182	0c279353965b69e3d306e83ca4b70b7961be8f043428683bd34dc4e689953ecd	a4cbcb57d85da16dc86a645ae286f65a577b963b	tracked	raw_source	ineligible	yes	raw_or_excerpt	none	source slice or raw text; metadata-only treatment
v2	/Users/a2501/Desktop/ff_studio_v2/edge_repos/ff_foundry	qrp/seooh/_campaign/slices/mabeop_ep211-217.txt	qrp	92952	5d892652365e038801c71c942086310ee4cb3ebf2efaa528c26dad28cf26b56a	a4cbcb57d85da16dc86a645ae286f65a577b963b	tracked	raw_source	ineligible	yes	raw_or_excerpt	none	source slice or raw text; metadata-only treatment
v2	/Users/a2501/Desktop/ff_studio_v2/edge_repos/ff_foundry	qrp/seooh/_campaign/slices/mabeop_ep218-224.txt	qrp	95348	1865506c479080ccc5fb9ef07ae3076d536cd8b6e28cc55224aabe52660829ab	a4cbcb57d85da16dc86a645ae286f65a577b963b	tracked	raw_source	ineligible	yes	raw_or_excerpt	none	source slice or raw text; metadata-only treatment
v2	/Users/a2501/Desktop/ff_studio_v2/edge_repos/ff_foundry	qrp/seooh/_campaign/slices/mabeop_ep22-28.txt	qrp	95919	5f380a06045b02135486137b31906b7a555952e89f01f6ad7ed8e4476554a33f	a4cbcb57d85da16dc86a645ae286f65a577b963b	tracked	raw_source	ineligible	yes	raw_or_excerpt	none	source slice or raw text; metadata-only treatment
v2	/Users/a2501/Desktop/ff_studio_v2/edge_repos/ff_foundry	qrp/seooh/_campaign/slices/mabeop_ep225-231.txt	qrp	93813	24e659e5cfb8a6ddcce8eceaa8dd32fe8aa716e18c3a09ca2f27643723b22988	a4cbcb57d85da16dc86a645ae286f65a577b963b	tracked	raw_source	ineligible	yes	raw_or_excerpt	none	source slice or raw text; metadata-only treatment
v2	/Users/a2501/Desktop/ff_studio_v2/edge_repos/ff_foundry	qrp/seooh/_campaign/slices/mabeop_ep232-238.txt	qrp	95154	3bc4de633af19121279cdd3da3bd3a286c00915773e70cbdfcd23e9c221907c3	a4cbcb57d85da16dc86a645ae286f65a577b963b	tracked	raw_source	ineligible	yes	raw_or_excerpt	none	source slice or raw text; metadata-only treatment
v2	/Users/a2501/Desktop/ff_studio_v2/edge_repos/ff_foundry	qrp/seooh/_campaign/slices/mabeop_ep239-245.txt	qrp	94587	b936aaa3ae1672aee4ae7afa04b6dfa91bfb9388f360e525c2691116d3d922e2	a4cbcb57d85da16dc86a645ae286f65a577b963b	tracked	raw_source	ineligible	yes	raw_or_excerpt	none	source slice or raw text; metadata-only treatment
v2	/Users/a2501/Desktop/ff_studio_v2/edge_repos/ff_foundry	qrp/seooh/_campaign/slices/mabeop_ep246-252.txt	qrp	95559	1dd39e27f97b288b88644ac6c6c67cfc379ef5e65aedbbbc82a08873e20dccff	a4cbcb57d85da16dc86a645ae286f65a577b963b	tracked	raw_source	ineligible	yes	raw_or_excerpt	none	source slice or raw text; metadata-only treatment
v2	/Users/a2501/Desktop/ff_studio_v2/edge_repos/ff_foundry	qrp/seooh/_campaign/slices/mabeop_ep253-259.txt	qrp	93770	81dbe005d75d10a004cb6a710060421322a88c8772ddfa1d0f9ba789e43c7e7f	a4cbcb57d85da16dc86a645ae286f65a577b963b	tracked	raw_source	ineligible	yes	raw_or_excerpt	none	source slice or raw text; metadata-only treatment
v2	/Users/a2501/Desktop/ff_studio_v2/edge_repos/ff_foundry	qrp/seooh/_campaign/slices/mabeop_ep260-266.txt	qrp	95464	d01165d9b1d770560775285eb1b7b7678ecd5fd0c227a8285e6bd2f9c053e003	a4cbcb57d85da16dc86a645ae286f65a577b963b	tracked	raw_source	ineligible	yes	raw_or_excerpt	none	source slice or raw text; metadata-only treatment
v2	/Users/a2501/Desktop/ff_studio_v2/edge_repos/ff_foundry	qrp/seooh/_campaign/slices/mabeop_ep267-273.txt	qrp	94899	ab51201c1b17c139c2f33e06f82a1e245b4944661e3910c9a9aa210c6eb16ff9	a4cbcb57d85da16dc86a645ae286f65a577b963b	tracked	raw_source	ineligible	yes	raw_or_excerpt	none	source slice or raw text; metadata-only treatment
v2	/Users/a2501/Desktop/ff_studio_v2/edge_repos/ff_foundry	qrp/seooh/_campaign/slices/mabeop_ep274-280.txt	qrp	95175	fbbc772d141dfe169c19b5922dd02c284f37ce0bef8c6e1d7e5b2a44aef34528	a4cbcb57d85da16dc86a645ae286f65a577b963b	tracked	raw_source	ineligible	yes	raw_or_excerpt	none	source slice or raw text; metadata-only treatment
v2	/Users/a2501/Desktop/ff_studio_v2/edge_repos/ff_foundry	qrp/seooh/_campaign/slices/mabeop_ep281-287.txt	qrp	94163	73a4668a055afb8f4241c97cd4e6cf96b8b16c194455edccf6965225a9764fed	a4cbcb57d85da16dc86a645ae286f65a577b963b	tracked	raw_source	ineligible	unclear	raw_or_excerpt	none	source slice or raw text; metadata-only treatment
v2	/Users/a2501/Desktop/ff_studio_v2/edge_repos/ff_foundry	qrp/seooh/_campaign/slices/mabeop_ep288-294.txt	qrp	94460	f7627eb03109288b713762a0b013879df44969894731e0b0e2da8cad434ad424	a4cbcb57d85da16dc86a645ae286f65a577b963b	tracked	raw_source	ineligible	yes	raw_or_excerpt	none	source slice or raw text; metadata-only treatment
v2	/Users/a2501/Desktop/ff_studio_v2/edge_repos/ff_foundry	qrp/seooh/_campaign/slices/mabeop_ep29-35.txt	qrp	95066	02e9dcf89ae9cc8536349db453e53bddd876c327aa559e7b9c29319aee87a77a	a4cbcb57d85da16dc86a645ae286f65a577b963b	tracked	raw_source	ineligible	yes	raw_or_excerpt	none	source slice or raw text; metadata-only treatment
v2	/Users/a2501/Desktop/ff_studio_v2/edge_repos/ff_foundry	qrp/seooh/_campaign/slices/mabeop_ep295-301.txt	qrp	95469	b98b8397b660e36b417c74e53c98523687405601af113064bb43baa4077589fb	a4cbcb57d85da16dc86a645ae286f65a577b963b	tracked	raw_source	ineligible	yes	raw_or_excerpt	none	source slice or raw text; metadata-only treatment
v2	/Users/a2501/Desktop/ff_studio_v2/edge_repos/ff_foundry	qrp/seooh/_campaign/slices/mabeop_ep302-304.txt	qrp	45310	655435f72f9e7b2e48f3af787986d936ab84fcd1f1b2186c456c239a09403ecc	a4cbcb57d85da16dc86a645ae286f65a577b963b	tracked	raw_source	ineligible	yes	raw_or_excerpt	none	source slice or raw text; metadata-only treatment
v2	/Users/a2501/Desktop/ff_studio_v2/edge_repos/ff_foundry	qrp/seooh/_campaign/slices/mabeop_ep36-42.txt	qrp	94853	e4edfc48eb07af39b88486006d9e2145644caf3bdf406a375c9d50887f772aea	a4cbcb57d85da16dc86a645ae286f65a577b963b	tracked	raw_source	ineligible	yes	raw_or_excerpt	none	source slice or raw text; metadata-only treatment
v2	/Users/a2501/Desktop/ff_studio_v2/edge_repos/ff_foundry	qrp/seooh/_campaign/slices/mabeop_ep43-49.txt	qrp	92981	a03c88f9b720cf2ef9720f04c6ef25de1c93e549118406c9024e5318c3adbdcf	a4cbcb57d85da16dc86a645ae286f65a577b963b	tracked	raw_source	ineligible	yes	raw_or_excerpt	none	source slice or raw text; metadata-only treatment
v2	/Users/a2501/Desktop/ff_studio_v2/edge_repos/ff_foundry	qrp/seooh/_campaign/slices/mabeop_ep50-56.txt	qrp	93795	a25f83199ab9aaf421acf8f4b426c707c11a6bfe8c7b6044fb616ebbbca050a8	a4cbcb57d85da16dc86a645ae286f65a577b963b	tracked	raw_source	ineligible	yes	raw_or_excerpt	none	source slice or raw text; metadata-only treatment
v2	/Users/a2501/Desktop/ff_studio_v2/edge_repos/ff_foundry	qrp/seooh/_campaign/slices/mabeop_ep57-63.txt	qrp	95314	06cb454d7bef57cf0f0d219b14f1918f951dee3ac99068ef87274d9b0cffa689	a4cbcb57d85da16dc86a645ae286f65a577b963b	tracked	raw_source	ineligible	yes	raw_or_excerpt	none	source slice or raw text; metadata-only treatment
v2	/Users/a2501/Desktop/ff_studio_v2/edge_repos/ff_foundry	qrp/seooh/_campaign/slices/mabeop_ep64-70.txt	qrp	96917	7aad9adcc97b161b1b80218b62ab8d1220de96512a9dbe2439fdfc9513b5d8ea	a4cbcb57d85da16dc86a645ae286f65a577b963b	tracked	raw_source	ineligible	yes	raw_or_excerpt	none	source slice or raw text; metadata-only treatment
v2	/Users/a2501/Desktop/ff_studio_v2/edge_repos/ff_foundry	qrp/seooh/_campaign/slices/mabeop_ep71-77.txt	qrp	94174	23dbf1b7a7d21204e494a2b421d49d078b137101be2aff10c5c0606e0a5fa38c	a4cbcb57d85da16dc86a645ae286f65a577b963b	tracked	raw_source	ineligible	yes	raw_or_excerpt	none	source slice or raw text; metadata-only treatment
v2	/Users/a2501/Desktop/ff_studio_v2/edge_repos/ff_foundry	qrp/seooh/_campaign/slices/mabeop_ep78-84.txt	qrp	94503	f705c1407395fa925e1c1d546f8a345c3ae858b6847e1a379919a94e1613e5ab	a4cbcb57d85da16dc86a645ae286f65a577b963b	tracked	raw_source	ineligible	yes	raw_or_excerpt	none	source slice or raw text; metadata-only treatment
v2	/Users/a2501/Desktop/ff_studio_v2/edge_repos/ff_foundry	qrp/seooh/_campaign/slices/mabeop_ep85-91.txt	qrp	93755	76399c2f3bfa5db2d86c6946727aa2e90f7e276c176914e12fbc4c2923911200	a4cbcb57d85da16dc86a645ae286f65a577b963b	tracked	raw_source	ineligible	yes	raw_or_excerpt	none	source slice or raw text; metadata-only treatment
v2	/Users/a2501/Desktop/ff_studio_v2/edge_repos/ff_foundry	qrp/seooh/_campaign/slices/mabeop_ep92-98.txt	qrp	96622	cd9708c62bfd249ae176e7cc76c0d7d0625d147055f1d44db9777ab470b98ea5	a4cbcb57d85da16dc86a645ae286f65a577b963b	tracked	raw_source	ineligible	yes	raw_or_excerpt	none	source slice or raw text; metadata-only treatment
v2	/Users/a2501/Desktop/ff_studio_v2/edge_repos/ff_foundry	qrp/seooh/_campaign/slices/mabeop_ep99-105.txt	qrp	95429	c106afe2aaa741788cc0e6bba923413a936221f9dca765be994659d37747c796	a4cbcb57d85da16dc86a645ae286f65a577b963b	tracked	raw_source	ineligible	yes	raw_or_excerpt	none	source slice or raw text; metadata-only treatment
v2	/Users/a2501/Desktop/ff_studio_v2/edge_repos/ff_foundry	qrp/seooh/_campaign/slices/yeonbong_ep01-07.txt	qrp	102202	8edae4c07b57d3275f75f8b6185f2510941267a6c23fe318cd4a81d7870790f4	a4cbcb57d85da16dc86a645ae286f65a577b963b	tracked	raw_source	ineligible	yes	raw_or_excerpt	none	source slice or raw text; metadata-only treatment
v2	/Users/a2501/Desktop/ff_studio_v2/edge_repos/ff_foundry	qrp/seooh/_campaign/slices/yeonbong_ep08-14.txt	qrp	101034	c724c42259bdb510df5a52fee6a426ceb48ae5089e40050bfdc8b9dac5ab7f78	a4cbcb57d85da16dc86a645ae286f65a577b963b	tracked	raw_source	ineligible	yes	raw_or_excerpt	none	source slice or raw text; metadata-only treatment
v2	/Users/a2501/Desktop/ff_studio_v2/edge_repos/ff_foundry	qrp/seooh/_campaign/slices/yeonbong_ep106-112.txt	qrp	103534	9298f584242650df5c70ec775f220ac35d6949c36aae16f87bb2aeaf882796a2	a4cbcb57d85da16dc86a645ae286f65a577b963b	tracked	raw_source	ineligible	yes	raw_or_excerpt	none	source slice or raw text; metadata-only treatment
v2	/Users/a2501/Desktop/ff_studio_v2/edge_repos/ff_foundry	qrp/seooh/_campaign/slices/yeonbong_ep113-119.txt	qrp	99080	5ff3a740cab3e5c961ded90628085884773a8e5dd438b72948fe3dbc8008643a	a4cbcb57d85da16dc86a645ae286f65a577b963b	tracked	raw_source	ineligible	yes	raw_or_excerpt	none	source slice or raw text; metadata-only treatment
v2	/Users/a2501/Desktop/ff_studio_v2/edge_repos/ff_foundry	qrp/seooh/_campaign/slices/yeonbong_ep120-126.txt	qrp	105631	d04f752315fe84ba1e8f1a177ecc01c83301fbf7fe60d996c9b9db315d9189ce	a4cbcb57d85da16dc86a645ae286f65a577b963b	tracked	raw_source	ineligible	yes	raw_or_excerpt	none	source slice or raw text; metadata-only treatment
v2	/Users/a2501/Desktop/ff_studio_v2/edge_repos/ff_foundry	qrp/seooh/_campaign/slices/yeonbong_ep127-133.txt	qrp	104879	8417b076bf971bb254c0860eb5107f79e94a7d7ced7a74b33a56ff685ae20e63	a4cbcb57d85da16dc86a645ae286f65a577b963b	tracked	raw_source	ineligible	yes	raw_or_excerpt	none	source slice or raw text; metadata-only treatment
v2	/Users/a2501/Desktop/ff_studio_v2/edge_repos/ff_foundry	qrp/seooh/_campaign/slices/yeonbong_ep134-140.txt	qrp	102733	3e0f03b4fea933808d9e2d6166f3ee00c0e00f5a9c2adc8ae818975fb6f435a6	a4cbcb57d85da16dc86a645ae286f65a577b963b	tracked	raw_source	ineligible	yes	raw_or_excerpt	none	source slice or raw text; metadata-only treatment
v2	/Users/a2501/Desktop/ff_studio_v2/edge_repos/ff_foundry	qrp/seooh/_campaign/slices/yeonbong_ep141-147.txt	qrp	100907	b36d34cd0323efdb328c354208d0c81eae72a4bd0940d89461b01f64a99e5a0d	a4cbcb57d85da16dc86a645ae286f65a577b963b	tracked	raw_source	ineligible	yes	raw_or_excerpt	none	source slice or raw text; metadata-only treatment
v2	/Users/a2501/Desktop/ff_studio_v2/edge_repos/ff_foundry	qrp/seooh/_campaign/slices/yeonbong_ep148-154.txt	qrp	102394	1443abeac57031201b7d2ccf2861a5d17926b601c55edc2319ad0bbad9168ba2	a4cbcb57d85da16dc86a645ae286f65a577b963b	tracked	raw_source	ineligible	yes	raw_or_excerpt	none	source slice or raw text; metadata-only treatment
v2	/Users/a2501/Desktop/ff_studio_v2/edge_repos/ff_foundry	qrp/seooh/_campaign/slices/yeonbong_ep15-21.txt	qrp	103265	ad5dc2c113bfe4d45af310e03ae2e56be31ea7dfb6e3e91008612b42f7715759	a4cbcb57d85da16dc86a645ae286f65a577b963b	tracked	raw_source	ineligible	yes	raw_or_excerpt	name:block/evidence/seooh/yeonbong_ep15-21.md,character/evidence/seooh/yeonbong_ep15-21.md,esm/evidence/seooh/yeonbong_ep15-21.md	source slice or raw text; metadata-only treatment
v2	/Users/a2501/Desktop/ff_studio_v2/edge_repos/ff_foundry	qrp/seooh/_campaign/slices/yeonbong_ep155-161.txt	qrp	100304	c010ea5c6919c1bc70983bd502c87564a1359602f35dfbafa292a3fa19b0ac95	a4cbcb57d85da16dc86a645ae286f65a577b963b	tracked	raw_source	ineligible	yes	raw_or_excerpt	none	source slice or raw text; metadata-only treatment
v2	/Users/a2501/Desktop/ff_studio_v2/edge_repos/ff_foundry	qrp/seooh/_campaign/slices/yeonbong_ep162-168.txt	qrp	108690	cd10f7f223d1f8c4ad9d4850d051b25996f77097903b9598dc014e97a99c7a76	a4cbcb57d85da16dc86a645ae286f65a577b963b	tracked	raw_source	ineligible	yes	raw_or_excerpt	none	source slice or raw text; metadata-only treatment
v2	/Users/a2501/Desktop/ff_studio_v2/edge_repos/ff_foundry	qrp/seooh/_campaign/slices/yeonbong_ep169-175.txt	qrp	98252	a4357e214ec547b9f5459591748e976aadb010452d15d4a93020952f04d8ea93	a4cbcb57d85da16dc86a645ae286f65a577b963b	tracked	raw_source	ineligible	yes	raw_or_excerpt	none	source slice or raw text; metadata-only treatment
v2	/Users/a2501/Desktop/ff_studio_v2/edge_repos/ff_foundry	qrp/seooh/_campaign/slices/yeonbong_ep176-182.txt	qrp	104994	24c88c24cc310a4465ea6ba72d7642be6e24792276b923ee3550a63f3f23c5fd	a4cbcb57d85da16dc86a645ae286f65a577b963b	tracked	raw_source	ineligible	yes	raw_or_excerpt	none	source slice or raw text; metadata-only treatment
v2	/Users/a2501/Desktop/ff_studio_v2/edge_repos/ff_foundry	qrp/seooh/_campaign/slices/yeonbong_ep183-189.txt	qrp	107426	27cf2cfe3a39dab85e3f71c3636a34dc44762b50df5bfeb91be8530574ee54fc	a4cbcb57d85da16dc86a645ae286f65a577b963b	tracked	raw_source	ineligible	yes	raw_or_excerpt	none	source slice or raw text; metadata-only treatment
v2	/Users/a2501/Desktop/ff_studio_v2/edge_repos/ff_foundry	qrp/seooh/_campaign/slices/yeonbong_ep190-196.txt	qrp	111833	e113b9879e3b689882810a086e74829450580b5b2eeaa6f5687555ea8cd554af	a4cbcb57d85da16dc86a645ae286f65a577b963b	tracked	raw_source	ineligible	yes	raw_or_excerpt	none	source slice or raw text; metadata-only treatment
v2	/Users/a2501/Desktop/ff_studio_v2/edge_repos/ff_foundry	qrp/seooh/_campaign/slices/yeonbong_ep197-203.txt	qrp	100078	dd79bbce1a916b2c5717767b23046469a8ee556410c8a2e489aae8cf4bc58bc5	a4cbcb57d85da16dc86a645ae286f65a577b963b	tracked	raw_source	ineligible	yes	raw_or_excerpt	none	source slice or raw text; metadata-only treatment
v2	/Users/a2501/Desktop/ff_studio_v2/edge_repos/ff_foundry	qrp/seooh/_campaign/slices/yeonbong_ep204-210.txt	qrp	100215	34b752e6ee6f171505632d1dc455bdd3132edb7aae880e7fa7a54f694432f290	a4cbcb57d85da16dc86a645ae286f65a577b963b	tracked	raw_source	ineligible	yes	raw_or_excerpt	none	source slice or raw text; metadata-only treatment
v2	/Users/a2501/Desktop/ff_studio_v2/edge_repos/ff_foundry	qrp/seooh/_campaign/slices/yeonbong_ep211-217.txt	qrp	104066	3f4f01d53059cd1aeefd84f2ee2d277466f0a4669b29c849c17efbc747e45ddd	a4cbcb57d85da16dc86a645ae286f65a577b963b	tracked	raw_source	ineligible	yes	raw_or_excerpt	none	source slice or raw text; metadata-only treatment
v2	/Users/a2501/Desktop/ff_studio_v2/edge_repos/ff_foundry	qrp/seooh/_campaign/slices/yeonbong_ep218-224.txt	qrp	100314	347abdaf2bec5e6229347247331244cb467198edaa8558f1d34015506e501a6c	a4cbcb57d85da16dc86a645ae286f65a577b963b	tracked	raw_source	ineligible	yes	raw_or_excerpt	none	source slice or raw text; metadata-only treatment
v2	/Users/a2501/Desktop/ff_studio_v2/edge_repos/ff_foundry	qrp/seooh/_campaign/slices/yeonbong_ep22-28.txt	qrp	105261	cd2cc8af3817323fb3aa10810b96a1a522370d93cc2414156b9beaeca146e63b	a4cbcb57d85da16dc86a645ae286f65a577b963b	tracked	raw_source	ineligible	yes	raw_or_excerpt	none	source slice or raw text; metadata-only treatment
v2	/Users/a2501/Desktop/ff_studio_v2/edge_repos/ff_foundry	qrp/seooh/_campaign/slices/yeonbong_ep225-231.txt	qrp	100396	975de9304d2aed5de3b819094b0e3c0ca612bc0393dc9553959cf9423913d7f8	a4cbcb57d85da16dc86a645ae286f65a577b963b	tracked	raw_source	ineligible	yes	raw_or_excerpt	none	source slice or raw text; metadata-only treatment
v2	/Users/a2501/Desktop/ff_studio_v2/edge_repos/ff_foundry	qrp/seooh/_campaign/slices/yeonbong_ep232-238.txt	qrp	101978	2f3a16fd6338d504ee7222f30cbdbd88e78c04c3ed250c982556cf57fed10455	a4cbcb57d85da16dc86a645ae286f65a577b963b	tracked	raw_source	ineligible	yes	raw_or_excerpt	none	source slice or raw text; metadata-only treatment
v2	/Users/a2501/Desktop/ff_studio_v2/edge_repos/ff_foundry	qrp/seooh/_campaign/slices/yeonbong_ep239-245.txt	qrp	103196	5db3ccfff88af1a7adec8a0c4d884f28af37d30fee7bf0db806ee82076f61e63	a4cbcb57d85da16dc86a645ae286f65a577b963b	tracked	raw_source	ineligible	yes	raw_or_excerpt	none	source slice or raw text; metadata-only treatment
v2	/Users/a2501/Desktop/ff_studio_v2/edge_repos/ff_foundry	qrp/seooh/_campaign/slices/yeonbong_ep246-263.txt	qrp	101581	ee8af2e26eadb53d0b555c4475a85fdac393e249777ecd1cdc0c8b5449e1c504	a4cbcb57d85da16dc86a645ae286f65a577b963b	tracked	raw_source	ineligible	yes	raw_or_excerpt	none	source slice or raw text; metadata-only treatment
v2	/Users/a2501/Desktop/ff_studio_v2/edge_repos/ff_foundry	qrp/seooh/_campaign/slices/yeonbong_ep264-270.txt	qrp	98445	945bf6e8eed1c65eba42859b166f2a2d48d90b461bcc0788be97f04c1e20296b	a4cbcb57d85da16dc86a645ae286f65a577b963b	tracked	raw_source	ineligible	yes	raw_or_excerpt	none	source slice or raw text; metadata-only treatment
v2	/Users/a2501/Desktop/ff_studio_v2/edge_repos/ff_foundry	qrp/seooh/_campaign/slices/yeonbong_ep271-277.txt	qrp	102022	68d913ff0fd306b042ee050945959815908184ffeab6e861fdf3363c375ab55b	a4cbcb57d85da16dc86a645ae286f65a577b963b	tracked	raw_source	ineligible	yes	raw_or_excerpt	none	source slice or raw text; metadata-only treatment
v2	/Users/a2501/Desktop/ff_studio_v2/edge_repos/ff_foundry	qrp/seooh/_campaign/slices/yeonbong_ep278-284.txt	qrp	103226	bdfeb5d39ac43b5d68eb365994a2f1a089e2f71603ef76aac83e9889be832af2	a4cbcb57d85da16dc86a645ae286f65a577b963b	tracked	raw_source	ineligible	yes	raw_or_excerpt	none	source slice or raw text; metadata-only treatment
v2	/Users/a2501/Desktop/ff_studio_v2/edge_repos/ff_foundry	qrp/seooh/_campaign/slices/yeonbong_ep285-291.txt	qrp	97057	cb5b2e6d72a055edab0575d0f2504d6ce4b21bb676100d3326617d6440d425c1	a4cbcb57d85da16dc86a645ae286f65a577b963b	tracked	raw_source	ineligible	yes	raw_or_excerpt	none	source slice or raw text; metadata-only treatment
v2	/Users/a2501/Desktop/ff_studio_v2/edge_repos/ff_foundry	qrp/seooh/_campaign/slices/yeonbong_ep29-35.txt	qrp	102889	3cd3a4dd969cb8efbad012be8a9d1993c7d164a236a6517c78f25c487fd75f9f	a4cbcb57d85da16dc86a645ae286f65a577b963b	tracked	raw_source	ineligible	yes	raw_or_excerpt	none	source slice or raw text; metadata-only treatment
v2	/Users/a2501/Desktop/ff_studio_v2/edge_repos/ff_foundry	qrp/seooh/_campaign/slices/yeonbong_ep292-298.txt	qrp	98059	c64b7754d62196ea668794eba3e03db95e06e2484ecdf7bfe1705261356eede9	a4cbcb57d85da16dc86a645ae286f65a577b963b	tracked	raw_source	ineligible	yes	raw_or_excerpt	none	source slice or raw text; metadata-only treatment
v2	/Users/a2501/Desktop/ff_studio_v2/edge_repos/ff_foundry	qrp/seooh/_campaign/slices/yeonbong_ep299-305.txt	qrp	101080	5344a91bcf96fb35e6bc9013bbededc3b6ef9037d9ba428880cd7b42e8f1794d	a4cbcb57d85da16dc86a645ae286f65a577b963b	tracked	raw_source	ineligible	yes	raw_or_excerpt	none	source slice or raw text; metadata-only treatment
v2	/Users/a2501/Desktop/ff_studio_v2/edge_repos/ff_foundry	qrp/seooh/_campaign/slices/yeonbong_ep306-312.txt	qrp	100199	5772ca5aadc40f0ea295f8bcb8c8d29fddb93a679274ff04378efffb2f4281bf	a4cbcb57d85da16dc86a645ae286f65a577b963b	tracked	raw_source	ineligible	yes	raw_or_excerpt	none	source slice or raw text; metadata-only treatment
v2	/Users/a2501/Desktop/ff_studio_v2/edge_repos/ff_foundry	qrp/seooh/_campaign/slices/yeonbong_ep313-321.txt	qrp	99319	6e4ce83ee31aded5ec0f6c7086c722a38fdde683fc344b4681fb27d23d660cff	a4cbcb57d85da16dc86a645ae286f65a577b963b	tracked	raw_source	ineligible	yes	raw_or_excerpt	none	source slice or raw text; metadata-only treatment
v2	/Users/a2501/Desktop/ff_studio_v2/edge_repos/ff_foundry	qrp/seooh/_campaign/slices/yeonbong_ep322-328.txt	qrp	100264	93a541e05dde9d33aa4d83bb40e0ead611a81cfc4943c1bbbda751ae38777b23	a4cbcb57d85da16dc86a645ae286f65a577b963b	tracked	raw_source	ineligible	yes	raw_or_excerpt	none	source slice or raw text; metadata-only treatment
v2	/Users/a2501/Desktop/ff_studio_v2/edge_repos/ff_foundry	qrp/seooh/_campaign/slices/yeonbong_ep329-335.txt	qrp	99419	ad08ed958bd231fa84e7493bb1e8734347c4f611e2985a0c6619d7c06293d2ca	a4cbcb57d85da16dc86a645ae286f65a577b963b	tracked	raw_source	ineligible	yes	raw_or_excerpt	none	source slice or raw text; metadata-only treatment
v2	/Users/a2501/Desktop/ff_studio_v2/edge_repos/ff_foundry	qrp/seooh/_campaign/slices/yeonbong_ep336-342.txt	qrp	98331	b77cf101e3bdd76429790dde58e9a641e8ead439be6aab9ac564a760f4a8347a	a4cbcb57d85da16dc86a645ae286f65a577b963b	tracked	raw_source	ineligible	yes	raw_or_excerpt	none	source slice or raw text; metadata-only treatment
v2	/Users/a2501/Desktop/ff_studio_v2/edge_repos/ff_foundry	qrp/seooh/_campaign/slices/yeonbong_ep343-349.txt	qrp	100169	d354ce394c901c4ad8c081311f38a5298c54bd550aad58461d037b3f0b4a2b3a	a4cbcb57d85da16dc86a645ae286f65a577b963b	tracked	raw_source	ineligible	yes	raw_or_excerpt	none	source slice or raw text; metadata-only treatment
v2	/Users/a2501/Desktop/ff_studio_v2/edge_repos/ff_foundry	qrp/seooh/_campaign/slices/yeonbong_ep350-356.txt	qrp	100233	6800f995405b5c0854deea68d6f7bdcd91e30d0246655217b3bde176ffd8dc86	a4cbcb57d85da16dc86a645ae286f65a577b963b	tracked	raw_source	ineligible	yes	raw_or_excerpt	none	source slice or raw text; metadata-only treatment
v2	/Users/a2501/Desktop/ff_studio_v2/edge_repos/ff_foundry	qrp/seooh/_campaign/slices/yeonbong_ep357-363.txt	qrp	97404	549de6b36c6538f1938c4a5b57dc5e844e75da0db03e5f6e650f9eee4e058711	a4cbcb57d85da16dc86a645ae286f65a577b963b	tracked	raw_source	ineligible	yes	raw_or_excerpt	none	source slice or raw text; metadata-only treatment
v2	/Users/a2501/Desktop/ff_studio_v2/edge_repos/ff_foundry	qrp/seooh/_campaign/slices/yeonbong_ep36-42.txt	qrp	103920	5a5fa1b75bd593ad998084e2d9b00597477a7255bff58ef7353d335638e4b579	a4cbcb57d85da16dc86a645ae286f65a577b963b	tracked	raw_source	ineligible	yes	raw_or_excerpt	none	source slice or raw text; metadata-only treatment
v2	/Users/a2501/Desktop/ff_studio_v2/edge_repos/ff_foundry	qrp/seooh/_campaign/slices/yeonbong_ep364-370.txt	qrp	97895	5bc71f0e169acf799ca3742b8f450ae865e5071ae53ceaf66d4124459520d202	a4cbcb57d85da16dc86a645ae286f65a577b963b	tracked	raw_source	ineligible	yes	raw_or_excerpt	none	source slice or raw text; metadata-only treatment
v2	/Users/a2501/Desktop/ff_studio_v2/edge_repos/ff_foundry	qrp/seooh/_campaign/slices/yeonbong_ep371-377.txt	qrp	99581	1a70411574fe4141fcf26080def57c07ef8453bbc2853f1e22e4d2f11c3ecce1	a4cbcb57d85da16dc86a645ae286f65a577b963b	tracked	raw_source	ineligible	yes	raw_or_excerpt	none	source slice or raw text; metadata-only treatment
v2	/Users/a2501/Desktop/ff_studio_v2/edge_repos/ff_foundry	qrp/seooh/_campaign/slices/yeonbong_ep378-384.txt	qrp	99764	d967abd606a2d6bd454bc8278f137241b513807a88f841c7c5d02cee5776aa7d	a4cbcb57d85da16dc86a645ae286f65a577b963b	tracked	raw_source	ineligible	yes	raw_or_excerpt	none	source slice or raw text; metadata-only treatment
v2	/Users/a2501/Desktop/ff_studio_v2/edge_repos/ff_foundry	qrp/seooh/_campaign/slices/yeonbong_ep385-391.txt	qrp	98548	86646d74207352dbfb269673b3e512eb0983a3b232488d98602deace502d2a27	a4cbcb57d85da16dc86a645ae286f65a577b963b	tracked	raw_source	ineligible	yes	raw_or_excerpt	none	source slice or raw text; metadata-only treatment
v2	/Users/a2501/Desktop/ff_studio_v2/edge_repos/ff_foundry	qrp/seooh/_campaign/slices/yeonbong_ep392-398.txt	qrp	97923	02c105d572e97f9d3a5b0721c19ba162b2407ec41e1ffceb56d88b3af33c9c23	a4cbcb57d85da16dc86a645ae286f65a577b963b	tracked	raw_source	ineligible	yes	raw_or_excerpt	none	source slice or raw text; metadata-only treatment
v2	/Users/a2501/Desktop/ff_studio_v2/edge_repos/ff_foundry	qrp/seooh/_campaign/slices/yeonbong_ep399-405.txt	qrp	95956	ab44a6d9a37aa9048c4476ce86c9cb059630cacfdfd23fbb0e1fc5ceb4afb076	a4cbcb57d85da16dc86a645ae286f65a577b963b	tracked	raw_source	ineligible	yes	raw_or_excerpt	none	source slice or raw text; metadata-only treatment
v2	/Users/a2501/Desktop/ff_studio_v2/edge_repos/ff_foundry	qrp/seooh/_campaign/slices/yeonbong_ep406-412.txt	qrp	99373	83c98e2c7f0e8faf2ac2092e419f145a21add5a958c5ad2e104c4e8efab2642a	a4cbcb57d85da16dc86a645ae286f65a577b963b	tracked	raw_source	ineligible	yes	raw_or_excerpt	none	source slice or raw text; metadata-only treatment
v2	/Users/a2501/Desktop/ff_studio_v2/edge_repos/ff_foundry	qrp/seooh/_campaign/slices/yeonbong_ep413-423.txt	qrp	98578	f2b3e82f01cc80dbc44b7a948d2ad36c9fa2007a94167eeab021529a85c7fc22	a4cbcb57d85da16dc86a645ae286f65a577b963b	tracked	raw_source	ineligible	yes	raw_or_excerpt	none	source slice or raw text; metadata-only treatment
v2	/Users/a2501/Desktop/ff_studio_v2/edge_repos/ff_foundry	qrp/seooh/_campaign/slices/yeonbong_ep424-430.txt	qrp	100338	9201fd35fbfe640149d555a2ce0f7583032bf2121d8696c0204e22786f794e6e	a4cbcb57d85da16dc86a645ae286f65a577b963b	tracked	raw_source	ineligible	yes	raw_or_excerpt	none	source slice or raw text; metadata-only treatment
v2	/Users/a2501/Desktop/ff_studio_v2/edge_repos/ff_foundry	qrp/seooh/_campaign/slices/yeonbong_ep43-49.txt	qrp	109586	795101f3e058de8e1ff791297ff26890a8cf50db0d8c0d138c902e95d79dcff4	a4cbcb57d85da16dc86a645ae286f65a577b963b	tracked	raw_source	ineligible	yes	raw_or_excerpt	none	source slice or raw text; metadata-only treatment
v2	/Users/a2501/Desktop/ff_studio_v2/edge_repos/ff_foundry	qrp/seooh/_campaign/slices/yeonbong_ep431-437.txt	qrp	101635	e077e59f1000d74b91edb95cb0ef991d97cbaded5e83849b94a077adee98ddc9	a4cbcb57d85da16dc86a645ae286f65a577b963b	tracked	raw_source	ineligible	yes	raw_or_excerpt	none	source slice or raw text; metadata-only treatment
v2	/Users/a2501/Desktop/ff_studio_v2/edge_repos/ff_foundry	qrp/seooh/_campaign/slices/yeonbong_ep438-444.txt	qrp	99368	7feef2a58bf73a7dcaa80b3a3e918937401c7e296350687ff909cc5fb0dd96f0	a4cbcb57d85da16dc86a645ae286f65a577b963b	tracked	raw_source	ineligible	yes	raw_or_excerpt	none	source slice or raw text; metadata-only treatment
v2	/Users/a2501/Desktop/ff_studio_v2/edge_repos/ff_foundry	qrp/seooh/_campaign/slices/yeonbong_ep445-451.txt	qrp	99949	440082243f3d5e9250b2c6563e388c75a351e6d49f821c1c57fc6d2c87b3545f	a4cbcb57d85da16dc86a645ae286f65a577b963b	tracked	raw_source	ineligible	yes	raw_or_excerpt	none	source slice or raw text; metadata-only treatment
v2	/Users/a2501/Desktop/ff_studio_v2/edge_repos/ff_foundry	qrp/seooh/_campaign/slices/yeonbong_ep452-458.txt	qrp	98928	4902a5d46752dae272b5936c7a41dcfa83e54079f018b727fe669f39cb2c7cae	a4cbcb57d85da16dc86a645ae286f65a577b963b	tracked	raw_source	ineligible	yes	raw_or_excerpt	none	source slice or raw text; metadata-only treatment
v2	/Users/a2501/Desktop/ff_studio_v2/edge_repos/ff_foundry	qrp/seooh/_campaign/slices/yeonbong_ep459-465.txt	qrp	97235	b32e9414c42047430527bee0603f236bc4f77a1930c3a9929b54aab8edad5b56	a4cbcb57d85da16dc86a645ae286f65a577b963b	tracked	raw_source	ineligible	yes	raw_or_excerpt	none	source slice or raw text; metadata-only treatment
v2	/Users/a2501/Desktop/ff_studio_v2/edge_repos/ff_foundry	qrp/seooh/_campaign/slices/yeonbong_ep466-472.txt	qrp	98282	75b6487c9cbbcc4faff39eb3fc10144d251a4703c3cc17b918f365908aebc947	a4cbcb57d85da16dc86a645ae286f65a577b963b	tracked	raw_source	ineligible	yes	raw_or_excerpt	none	source slice or raw text; metadata-only treatment
v2	/Users/a2501/Desktop/ff_studio_v2/edge_repos/ff_foundry	qrp/seooh/_campaign/slices/yeonbong_ep473-479.txt	qrp	102148	fbb963edc57834715db456f69aceecda9aa35b9ff9bfe5e7fa27c7c7675894e9	a4cbcb57d85da16dc86a645ae286f65a577b963b	tracked	raw_source	ineligible	yes	raw_or_excerpt	none	source slice or raw text; metadata-only treatment
v2	/Users/a2501/Desktop/ff_studio_v2/edge_repos/ff_foundry	qrp/seooh/_campaign/slices/yeonbong_ep480-486.txt	qrp	96749	c889d4b06ef9eb06119d6f12e2acbc609e6180b5a6d744363a88369d283dc66c	a4cbcb57d85da16dc86a645ae286f65a577b963b	tracked	raw_source	ineligible	yes	raw_or_excerpt	none	source slice or raw text; metadata-only treatment
v2	/Users/a2501/Desktop/ff_studio_v2/edge_repos/ff_foundry	qrp/seooh/_campaign/slices/yeonbong_ep487-493.txt	qrp	97165	8bf6b5bb3fc2028d27b8d88b66d595dacfec3a556d550818e60bd958cf17625d	a4cbcb57d85da16dc86a645ae286f65a577b963b	tracked	raw_source	ineligible	yes	raw_or_excerpt	none	source slice or raw text; metadata-only treatment
v2	/Users/a2501/Desktop/ff_studio_v2/edge_repos/ff_foundry	qrp/seooh/_campaign/slices/yeonbong_ep494-500.txt	qrp	98952	5a6eaab7baa9cbffbcfef72a656f4999b6ffd29e83059407d6aa731d2c71ff62	a4cbcb57d85da16dc86a645ae286f65a577b963b	tracked	raw_source	ineligible	yes	raw_or_excerpt	none	source slice or raw text; metadata-only treatment
v2	/Users/a2501/Desktop/ff_studio_v2/edge_repos/ff_foundry	qrp/seooh/_campaign/slices/yeonbong_ep50-56.txt	qrp	101154	624738700368ceeaffebad04db83c2ddecbad04d338481f3a1f0596e1fcd06f8	a4cbcb57d85da16dc86a645ae286f65a577b963b	tracked	raw_source	ineligible	yes	raw_or_excerpt	none	source slice or raw text; metadata-only treatment
v2	/Users/a2501/Desktop/ff_studio_v2/edge_repos/ff_foundry	qrp/seooh/_campaign/slices/yeonbong_ep501-502.txt	qrp	28431	481f672fee76a8d5dce310664100c3897fb266458df0194ca9873544b98c55d3	a4cbcb57d85da16dc86a645ae286f65a577b963b	tracked	raw_source	ineligible	yes	raw_or_excerpt	none	source slice or raw text; metadata-only treatment
v2	/Users/a2501/Desktop/ff_studio_v2/edge_repos/ff_foundry	qrp/seooh/_campaign/slices/yeonbong_ep57-63.txt	qrp	110448	c655b510697318d714ac50aef84605fc35a6f772cd40567d5973a488f94abd3a	a4cbcb57d85da16dc86a645ae286f65a577b963b	tracked	raw_source	ineligible	yes	raw_or_excerpt	none	source slice or raw text; metadata-only treatment
v2	/Users/a2501/Desktop/ff_studio_v2/edge_repos/ff_foundry	qrp/seooh/_campaign/slices/yeonbong_ep64-70.txt	qrp	101367	45b176165031a936a2ab6e98b1fc67921a3f9d81b88a27dc0e69e217811cc83c	a4cbcb57d85da16dc86a645ae286f65a577b963b	tracked	raw_source	ineligible	yes	raw_or_excerpt	none	source slice or raw text; metadata-only treatment
v2	/Users/a2501/Desktop/ff_studio_v2/edge_repos/ff_foundry	qrp/seooh/_campaign/slices/yeonbong_ep71-77.txt	qrp	100412	7362728606ca9a9662d17700295e0e00ab2bef6aecfac755eeff27e0c4fd3587	a4cbcb57d85da16dc86a645ae286f65a577b963b	tracked	raw_source	ineligible	yes	raw_or_excerpt	none	source slice or raw text; metadata-only treatment
v2	/Users/a2501/Desktop/ff_studio_v2/edge_repos/ff_foundry	qrp/seooh/_campaign/slices/yeonbong_ep78-84.txt	qrp	100131	9e35a60786d0403d400eda388f9aff799ff268417028e98c12a2bb0e5ff04649	a4cbcb57d85da16dc86a645ae286f65a577b963b	tracked	raw_source	ineligible	yes	raw_or_excerpt	none	source slice or raw text; metadata-only treatment
v2	/Users/a2501/Desktop/ff_studio_v2/edge_repos/ff_foundry	qrp/seooh/_campaign/slices/yeonbong_ep85-91.txt	qrp	100303	5202de3e100c1ac82ee8cc429545a0ad9ebd173303d55b9d1428f000fc49a465	a4cbcb57d85da16dc86a645ae286f65a577b963b	tracked	raw_source	ineligible	yes	raw_or_excerpt	none	source slice or raw text; metadata-only treatment
v2	/Users/a2501/Desktop/ff_studio_v2/edge_repos/ff_foundry	qrp/seooh/_campaign/slices/yeonbong_ep92-98.txt	qrp	102308	f1a13376e7e56ef716e03951983596cadcf21db05aefe8f4461b5c3616ad6108	a4cbcb57d85da16dc86a645ae286f65a577b963b	tracked	raw_source	ineligible	yes	raw_or_excerpt	none	source slice or raw text; metadata-only treatment
v2	/Users/a2501/Desktop/ff_studio_v2/edge_repos/ff_foundry	qrp/seooh/_campaign/slices/yeonbong_ep99-105.txt	qrp	106249	2a9fe355a74789f73922658040e30126e0617dc953f7d954d6cd33b64b58d15c	a4cbcb57d85da16dc86a645ae286f65a577b963b	tracked	raw_source	ineligible	yes	raw_or_excerpt	none	source slice or raw text; metadata-only treatment
v2	/Users/a2501/Desktop/ff_studio_v2/edge_repos/ff_foundry	qrp/seooh/_campaign/yeonbong_progress_claude.log	qrp	6285	f77b780660f879a7deb79bcefe2abc7d4974bd1bb8e71cd3fcbc20a6b1e6b180	a4cbcb57d85da16dc86a645ae286f65a577b963b	tracked	model_run	ineligible	yes	unclear	none	model output, campaign artifact, or execution log
v2	/Users/a2501/Desktop/ff_studio_v2/edge_repos/ff_foundry	qrp/seooh/_campaign/yeonbong_progress_codex.log	qrp	4111	8c8579f2e92a344a850e49a25a00aa321fb676f44a3297594f41c638224d1450	a4cbcb57d85da16dc86a645ae286f65a577b963b	tracked	model_run	ineligible	yes	unclear	none	model output, campaign artifact, or execution log
v2	/Users/a2501/Desktop/ff_studio_v2/edge_repos/ff_foundry	qrp/seooh/qrp_bank.md	qrp	107209	5226eb5ea850212fd3d4f12738a0fa4a3dc09329c151610eaf63e06bdb65fd7f	a4cbcb57d85da16dc86a645ae286f65a577b963b	tracked	bank_card	genre_pack	yes	clear_pointer	none	curated material or Story Block candidate; requires Phase 1 provenance review
v2	/Users/a2501/Desktop/ff_studio_v2/edge_repos/ff_foundry	qrp/seooh/raw/doksik_ep01-07_gemini.md	qrp	24114	d14d2a7c16ad0a2ec5eba2a532292ecd86192a748d5c8e8165c65bf1c112b0ad	a4cbcb57d85da16dc86a645ae286f65a577b963b	tracked	model_run	ineligible	yes	raw_or_excerpt	none	model output, campaign artifact, or execution log
v2	/Users/a2501/Desktop/ff_studio_v2/edge_repos/ff_foundry	qrp/seooh/raw/doksik_ep01-07_gpt.md	qrp	20448	84594f2f4d19d906ef9b9206bbaf089f6a839bb3f3f064a14845461bd3f4fff5	a4cbcb57d85da16dc86a645ae286f65a577b963b	tracked	model_run	ineligible	yes	raw_or_excerpt	none	model output, campaign artifact, or execution log
v2	/Users/a2501/Desktop/ff_studio_v2/edge_repos/ff_foundry	qrp/seooh/raw/doksik_ep08-14_claude.md	qrp	16687	9406c4aceef8adc11068f323bae5941a3e653072cd0fe00eed127aed86e98606	a4cbcb57d85da16dc86a645ae286f65a577b963b	tracked	model_run	ineligible	yes	raw_or_excerpt	none	model output, campaign artifact, or execution log
v2	/Users/a2501/Desktop/ff_studio_v2/edge_repos/ff_foundry	qrp/seooh/raw/doksik_ep08-14_gpt.md	qrp	19054	66ef51aa9c00330e5f8547bf379526f2eae2a2305a4d8ab3fdf824ddbcaa5907	a4cbcb57d85da16dc86a645ae286f65a577b963b	tracked	model_run	ineligible	yes	raw_or_excerpt	none	model output, campaign artifact, or execution log
v2	/Users/a2501/Desktop/ff_studio_v2/edge_repos/ff_foundry	qrp/seooh/raw/doksik_ep15-21_claude.md	qrp	20136	8e1720171eaf65c1381c5974e61d3953dda7270912d3457a1e193d9fe007d2df	a4cbcb57d85da16dc86a645ae286f65a577b963b	tracked	model_run	ineligible	yes	raw_or_excerpt	none	model output, campaign artifact, or execution log
v2	/Users/a2501/Desktop/ff_studio_v2/edge_repos/ff_foundry	qrp/seooh/raw/doksik_ep15-21_webcodex.md	qrp	18212	af87301029d4a668fc3659ae69cd44825f4b5b6d9fa63cbb21349335a7ed158c	a4cbcb57d85da16dc86a645ae286f65a577b963b	tracked	model_run	ineligible	yes	raw_or_excerpt	none	model output, campaign artifact, or execution log
v2	/Users/a2501/Desktop/ff_studio_v2/edge_repos/ff_foundry	qrp/seooh/raw/doksik_ep22-28_claude.md	qrp	21707	b1216759e34cd02121df81f7ae0a8633af459484d8b0605039bcc1a8eb3b173e	a4cbcb57d85da16dc86a645ae286f65a577b963b	tracked	model_run	ineligible	yes	raw_or_excerpt	none	model output, campaign artifact, or execution log
v2	/Users/a2501/Desktop/ff_studio_v2/edge_repos/ff_foundry	qrp/seooh/raw/doksik_ep22-28_webcodex.md	qrp	18744	1936b200229362364c5422df3e64e6982256376d567e072b0b85bcfd3808fc45	a4cbcb57d85da16dc86a645ae286f65a577b963b	tracked	model_run	ineligible	yes	raw_or_excerpt	none	model output, campaign artifact, or execution log
v2	/Users/a2501/Desktop/ff_studio_v2/edge_repos/ff_foundry	qrp/seooh/raw/doksik_ep29-35_claude.md	qrp	21620	a60997b39dd6cc11ebfdef06edafb593269c25b6c9c9df01dbe580e3b8dd8088	a4cbcb57d85da16dc86a645ae286f65a577b963b	tracked	model_run	ineligible	yes	raw_or_excerpt	none	model output, campaign artifact, or execution log
v2	/Users/a2501/Desktop/ff_studio_v2/edge_repos/ff_foundry	qrp/seooh/raw/doksik_ep29-35_webcodex.md	qrp	20717	b7a30e9cdd3f00cd1cf8d8c24c9fe36d79e03c6cfb85b2b97b89b94353d0f9b3	a4cbcb57d85da16dc86a645ae286f65a577b963b	tracked	model_run	ineligible	yes	raw_or_excerpt	none	model output, campaign artifact, or execution log
v2	/Users/a2501/Desktop/ff_studio_v2/edge_repos/ff_foundry	qrp/seooh/raw/doksik_ep36-42_claude.md	qrp	21669	16a4b7ec3bb521366f6ca6183bb75a10bdf9861bc5d0d1a0e43a66394a29dc36	a4cbcb57d85da16dc86a645ae286f65a577b963b	tracked	model_run	ineligible	yes	raw_or_excerpt	none	model output, campaign artifact, or execution log
v2	/Users/a2501/Desktop/ff_studio_v2/edge_repos/ff_foundry	qrp/seooh/raw/doksik_ep36-42_webcodex.md	qrp	18466	777170542d753daec5d96e83e14c804ba9a79eaf315f7d6f430b14d4662e2c98	a4cbcb57d85da16dc86a645ae286f65a577b963b	tracked	model_run	ineligible	yes	raw_or_excerpt	none	model output, campaign artifact, or execution log
v2	/Users/a2501/Desktop/ff_studio_v2/edge_repos/ff_foundry	qrp/seooh/raw/doksik_ep43-49_claude.md	qrp	21695	1e7bcb55d6709d6179925efeac2e03c2180cd2d246b96fabcf3edd9524bbf041	a4cbcb57d85da16dc86a645ae286f65a577b963b	tracked	model_run	ineligible	yes	raw_or_excerpt	none	model output, campaign artifact, or execution log
v2	/Users/a2501/Desktop/ff_studio_v2/edge_repos/ff_foundry	qrp/seooh/raw/doksik_ep43-49_webcodex.md	qrp	23972	788423e9070676feccec880d60cfe784bfe0de5896606510b0cacbbc8b62166a	a4cbcb57d85da16dc86a645ae286f65a577b963b	tracked	model_run	ineligible	yes	raw_or_excerpt	none	model output, campaign artifact, or execution log
v2	/Users/a2501/Desktop/ff_studio_v2/edge_repos/ff_foundry	qrp/seooh/raw/doksik_ep50-56_claude.md	qrp	22945	a17060b86d04dd63457eb5ef44dd78cbd7a0fb09e67d50fab35429503cb07ecd	a4cbcb57d85da16dc86a645ae286f65a577b963b	tracked	model_run	ineligible	yes	raw_or_excerpt	none	model output, campaign artifact, or execution log
v2	/Users/a2501/Desktop/ff_studio_v2/edge_repos/ff_foundry	qrp/seooh/raw/doksik_ep50-56_webcodex.md	qrp	17974	04ed22e6682dbc54462f58d9d646cd00e3171ae2e286e8a3bd63f0ccb946bb48	a4cbcb57d85da16dc86a645ae286f65a577b963b	tracked	model_run	ineligible	yes	raw_or_excerpt	none	model output, campaign artifact, or execution log
v2	/Users/a2501/Desktop/ff_studio_v2/edge_repos/ff_foundry	qrp/seooh/raw/doksik_ep57-63_claude.md	qrp	21177	19c5182fc2f60872cf8e6fe9958b9742e0af2151b9a81f87ade361e93efe553e	a4cbcb57d85da16dc86a645ae286f65a577b963b	tracked	model_run	ineligible	yes	raw_or_excerpt	none	model output, campaign artifact, or execution log
v2	/Users/a2501/Desktop/ff_studio_v2/edge_repos/ff_foundry	qrp/seooh/raw/doksik_ep57-63_webcodex.md	qrp	19509	889c73651b737f1951c90831baaf49c1e4aeb9ae5bf2580dd28e4b04888e324c	a4cbcb57d85da16dc86a645ae286f65a577b963b	tracked	model_run	ineligible	yes	raw_or_excerpt	none	model output, campaign artifact, or execution log
v2	/Users/a2501/Desktop/ff_studio_v2/edge_repos/ff_foundry	qrp/seooh/raw/doksik_ep64-70_claude.md	qrp	22418	a356d4c10f13c8f6f26a3f402b428ff026e3bfcf38a7ffe17358073a3720c9a6	a4cbcb57d85da16dc86a645ae286f65a577b963b	tracked	model_run	ineligible	yes	raw_or_excerpt	none	model output, campaign artifact, or execution log
v2	/Users/a2501/Desktop/ff_studio_v2/edge_repos/ff_foundry	qrp/seooh/raw/doksik_ep64-70_webcodex.md	qrp	22998	9cd8c96c6c983963d0d9a682605d616226c94745d59a4ba6e74971ee71d2af44	a4cbcb57d85da16dc86a645ae286f65a577b963b	tracked	model_run	ineligible	yes	raw_or_excerpt	none	model output, campaign artifact, or execution log
v2	/Users/a2501/Desktop/ff_studio_v2/edge_repos/ff_foundry	qrp/seooh/raw/doksik_ep71-77_claude.md	qrp	22391	20b904bb2ec6f1c71d56aea01116de5316039d6513aa3115bb5af9047dbeb318	a4cbcb57d85da16dc86a645ae286f65a577b963b	tracked	model_run	ineligible	yes	raw_or_excerpt	none	model output, campaign artifact, or execution log
v2	/Users/a2501/Desktop/ff_studio_v2/edge_repos/ff_foundry	qrp/seooh/raw/doksik_ep71-77_webcodex.md	qrp	20323	28eceda0ce2d83e73563bf8edafdbbe715b23843d02c5a9a0d8a528a09c71959	a4cbcb57d85da16dc86a645ae286f65a577b963b	tracked	model_run	ineligible	yes	raw_or_excerpt	none	model output, campaign artifact, or execution log
v2	/Users/a2501/Desktop/ff_studio_v2/edge_repos/ff_foundry	qrp/seooh/raw/doksik_ep78-84_claude.md	qrp	23014	746fb89c928f9b2da1ba6d44535b54f873deabd7d38666ab4d297857d3628339	a4cbcb57d85da16dc86a645ae286f65a577b963b	tracked	model_run	ineligible	yes	raw_or_excerpt	none	model output, campaign artifact, or execution log
v2	/Users/a2501/Desktop/ff_studio_v2/edge_repos/ff_foundry	qrp/seooh/raw/doksik_ep78-84_webcodex.md	qrp	18145	0c96248ed444d20cf298485256fc4a5acdb3002413b3771e35478f2b66a308da	a4cbcb57d85da16dc86a645ae286f65a577b963b	tracked	model_run	ineligible	yes	raw_or_excerpt	none	model output, campaign artifact, or execution log
v2	/Users/a2501/Desktop/ff_studio_v2/edge_repos/ff_foundry	qrp/seooh/raw/doksik_ep85-91_claude.md	qrp	22715	acb2116135af2ed962eeb15725ea3f5eb512042903120c99e32ea4c8941172ea	a4cbcb57d85da16dc86a645ae286f65a577b963b	tracked	model_run	ineligible	yes	raw_or_excerpt	none	model output, campaign artifact, or execution log
v2	/Users/a2501/Desktop/ff_studio_v2/edge_repos/ff_foundry	qrp/seooh/raw/doksik_ep85-91_webcodex.md	qrp	24141	7b7a11ed0f543533943458a1e369d3da47be06038993a77a64d7c1f434224609	a4cbcb57d85da16dc86a645ae286f65a577b963b	tracked	model_run	ineligible	yes	raw_or_excerpt	none	model output, campaign artifact, or execution log
v2	/Users/a2501/Desktop/ff_studio_v2/edge_repos/ff_foundry	qrp/seooh/raw/mabeop_ep01-07_claude.md	qrp	24000	f5d4cb01738bb8bcdfc5939dfd6cd73a41fa9625544c7acc1c34dde6f3edfd80	a4cbcb57d85da16dc86a645ae286f65a577b963b	tracked	model_run	ineligible	yes	raw_or_excerpt	none	model output, campaign artifact, or execution log
v2	/Users/a2501/Desktop/ff_studio_v2/edge_repos/ff_foundry	qrp/seooh/raw/mabeop_ep01-07_codex.md	qrp	21514	7c62ac343340502d0f9f35fbd3c40e87c5302888fb87989050dfe2065a74d10d	a4cbcb57d85da16dc86a645ae286f65a577b963b	tracked	model_run	ineligible	yes	raw_or_excerpt	none	model output, campaign artifact, or execution log
v2	/Users/a2501/Desktop/ff_studio_v2/edge_repos/ff_foundry	qrp/seooh/raw/mabeop_ep08-14_claude.md	qrp	23494	f1ed22aa275e6dddb02af7e14a8ed007248149c0d251a1b5049398dcf7a85b8c	a4cbcb57d85da16dc86a645ae286f65a577b963b	tracked	model_run	ineligible	yes	raw_or_excerpt	none	model output, campaign artifact, or execution log
v2	/Users/a2501/Desktop/ff_studio_v2/edge_repos/ff_foundry	qrp/seooh/raw/mabeop_ep08-14_codex.md	qrp	18763	b7ebc5823e83d490912f127ce714497a852c087d4f235dee63994abc520352f5	a4cbcb57d85da16dc86a645ae286f65a577b963b	tracked	model_run	ineligible	yes	raw_or_excerpt	none	model output, campaign artifact, or execution log
v2	/Users/a2501/Desktop/ff_studio_v2/edge_repos/ff_foundry	qrp/seooh/raw/mabeop_ep15-21_claude.md	qrp	20837	f1d2ce138c6877f842d228c2ce0e44fa1df5b066945a6c078ef8d5da05bdcddd	a4cbcb57d85da16dc86a645ae286f65a577b963b	tracked	model_run	ineligible	yes	raw_or_excerpt	none	model output, campaign artifact, or execution log
v2	/Users/a2501/Desktop/ff_studio_v2/edge_repos/ff_foundry	qrp/seooh/raw/mabeop_ep15-21_codex.md	qrp	18054	1b8dec55ac41e2826940c8860b4f273f22b8ec3a473d8230ea90c17d3b66ff8f	a4cbcb57d85da16dc86a645ae286f65a577b963b	tracked	model_run	ineligible	yes	raw_or_excerpt	none	model output, campaign artifact, or execution log
v2	/Users/a2501/Desktop/ff_studio_v2/edge_repos/ff_foundry	qrp/seooh/raw/mabeop_ep22-28_claude.md	qrp	21349	7e7fad7094f8b93b9acdff345a4d94d9b647177bb7eb793776ed77f3f8c430a4	a4cbcb57d85da16dc86a645ae286f65a577b963b	tracked	model_run	ineligible	yes	raw_or_excerpt	none	model output, campaign artifact, or execution log
v2	/Users/a2501/Desktop/ff_studio_v2/edge_repos/ff_foundry	qrp/seooh/raw/mabeop_ep22-28_codex.md	qrp	18367	e2bf7089c095a5971eee594c9cc57471129997586a497c4519c71bdf4bb31765	a4cbcb57d85da16dc86a645ae286f65a577b963b	tracked	model_run	ineligible	yes	raw_or_excerpt	none	model output, campaign artifact, or execution log
v2	/Users/a2501/Desktop/ff_studio_v2/edge_repos/ff_foundry	qrp/seooh/raw/mabeop_ep29-35_claude.md	qrp	22100	abe85399f42fb3f6c3fb2f686a0e1059c6711b318448520780f5acee0023c5ec	a4cbcb57d85da16dc86a645ae286f65a577b963b	tracked	model_run	ineligible	yes	raw_or_excerpt	none	model output, campaign artifact, or execution log
v2	/Users/a2501/Desktop/ff_studio_v2/edge_repos/ff_foundry	qrp/seooh/raw/mabeop_ep29-35_codex.md	qrp	23922	2d28e1a0d39b7305690406a0ffbefaa20f7b7c73a957d61f8ccd9dde66bb46a0	a4cbcb57d85da16dc86a645ae286f65a577b963b	tracked	model_run	ineligible	unclear	raw_or_excerpt	none	model output, campaign artifact, or execution log
v2	/Users/a2501/Desktop/ff_studio_v2/edge_repos/ff_foundry	qrp/seooh/raw/mabeop_ep36-42_claude.md	qrp	21348	7fba07061cada195c479c27a38ba1464ee35c8b16cb937ca1db6ad1b9463d993	a4cbcb57d85da16dc86a645ae286f65a577b963b	tracked	model_run	ineligible	yes	raw_or_excerpt	none	model output, campaign artifact, or execution log
v2	/Users/a2501/Desktop/ff_studio_v2/edge_repos/ff_foundry	qrp/seooh/raw/mabeop_ep36-42_codex.md	qrp	21641	5b1f4994b6c0957d1526ad0088b7fe62cd33e8f800c71b6f4ea454ba1343a4af	a4cbcb57d85da16dc86a645ae286f65a577b963b	tracked	model_run	ineligible	yes	raw_or_excerpt	none	model output, campaign artifact, or execution log
v2	/Users/a2501/Desktop/ff_studio_v2/edge_repos/ff_foundry	qrp/seooh/raw/mabeop_ep43-49_claude.md	qrp	21561	5f99683562dfb24cf61fc3bd305a52d8d58a015fa6657417147643cd403942a8	a4cbcb57d85da16dc86a645ae286f65a577b963b	tracked	model_run	ineligible	yes	raw_or_excerpt	none	model output, campaign artifact, or execution log
v2	/Users/a2501/Desktop/ff_studio_v2/edge_repos/ff_foundry	qrp/seooh/raw/mabeop_ep43-49_codex.md	qrp	21311	818b3d17c23654976c512b2e675d48de65e78c7e851af3bcb1d2b1d40cb6df5f	a4cbcb57d85da16dc86a645ae286f65a577b963b	tracked	model_run	ineligible	yes	raw_or_excerpt	none	model output, campaign artifact, or execution log
v2	/Users/a2501/Desktop/ff_studio_v2/edge_repos/ff_foundry	qrp/seooh/raw/mabeop_ep50-56_claude.md	qrp	20629	cb431eec1ca663dc252ddbce133fa0e6ad0788bc352894afa9ca60f75634c5db	a4cbcb57d85da16dc86a645ae286f65a577b963b	tracked	model_run	ineligible	yes	raw_or_excerpt	none	model output, campaign artifact, or execution log
v2	/Users/a2501/Desktop/ff_studio_v2/edge_repos/ff_foundry	qrp/seooh/raw/mabeop_ep50-56_codex.md	qrp	19816	5791a3af36983767f07e4a2987fd8b87fc74b8b428b6ef3a0ebd9ff4b706bd06	a4cbcb57d85da16dc86a645ae286f65a577b963b	tracked	model_run	ineligible	yes	raw_or_excerpt	none	model output, campaign artifact, or execution log
v2	/Users/a2501/Desktop/ff_studio_v2/edge_repos/ff_foundry	qrp/seooh/raw/mabeop_ep57-63_claude.md	qrp	21589	7a9b1547ae08ba04b78ee3775c9982453130dfc54964f63f7d8d4e5f99b02e54	a4cbcb57d85da16dc86a645ae286f65a577b963b	tracked	model_run	ineligible	yes	raw_or_excerpt	none	model output, campaign artifact, or execution log
v2	/Users/a2501/Desktop/ff_studio_v2/edge_repos/ff_foundry	qrp/seooh/raw/mabeop_ep57-63_codex.md	qrp	21111	319f6698b8852109e31ca3e1c65f2fe8e1ce38e1399a59faa7bb5bf9b9009737	a4cbcb57d85da16dc86a645ae286f65a577b963b	tracked	model_run	ineligible	yes	raw_or_excerpt	none	model output, campaign artifact, or execution log
v2	/Users/a2501/Desktop/ff_studio_v2/edge_repos/ff_foundry	qrp/seooh/raw/yeonbong_ep01-07_claude.md	qrp	21346	7b5e4a5803ff85a95d8fad2d5bf354705c7be15aa55df1d718b46d577a1eaadc	a4cbcb57d85da16dc86a645ae286f65a577b963b	tracked	model_run	ineligible	yes	raw_or_excerpt	none	model output, campaign artifact, or execution log
v2	/Users/a2501/Desktop/ff_studio_v2/edge_repos/ff_foundry	qrp/seooh/raw/yeonbong_ep01-07_codex.md	qrp	20170	3a36b03d9af30a757e7cb9350cc86ed0d99f0b2a3ed9ba1c2803fd20eeb30fa0	a4cbcb57d85da16dc86a645ae286f65a577b963b	tracked	model_run	ineligible	yes	raw_or_excerpt	none	model output, campaign artifact, or execution log
v2	/Users/a2501/Desktop/ff_studio_v2/edge_repos/ff_foundry	qrp/seooh/raw/yeonbong_ep08-14_claude.md	qrp	19825	74d6aaecf514d5ff01c8b25be71beb1b2ada5e4548baa94c1ca6c358dcb7b905	a4cbcb57d85da16dc86a645ae286f65a577b963b	tracked	model_run	ineligible	yes	raw_or_excerpt	none	model output, campaign artifact, or execution log
v2	/Users/a2501/Desktop/ff_studio_v2/edge_repos/ff_foundry	qrp/seooh/raw/yeonbong_ep08-14_codex.md	qrp	23652	d7932edea05a1ece5076594907dcce17270fa97d7fd644ae1ee3132150905268	a4cbcb57d85da16dc86a645ae286f65a577b963b	tracked	model_run	ineligible	yes	raw_or_excerpt	none	model output, campaign artifact, or execution log
v2	/Users/a2501/Desktop/ff_studio_v2/edge_repos/ff_foundry	qrp/seooh/raw/yeonbong_ep15-21_claude.md	qrp	21108	19dc5c1a60e7f72b2d57582fc86dcda6f84d63cb0ee551b8f30378adead68f8f	a4cbcb57d85da16dc86a645ae286f65a577b963b	tracked	model_run	ineligible	yes	raw_or_excerpt	none	model output, campaign artifact, or execution log
v2	/Users/a2501/Desktop/ff_studio_v2/edge_repos/ff_foundry	qrp/seooh/raw/yeonbong_ep15-21_codex.md	qrp	19230	d0766342c7b76a3ae1bb431697eaf04b40e6fe3a8e4288f427e9a0d6f68523cd	a4cbcb57d85da16dc86a645ae286f65a577b963b	tracked	model_run	ineligible	yes	raw_or_excerpt	none	model output, campaign artifact, or execution log
v2	/Users/a2501/Desktop/ff_studio_v2/edge_repos/ff_foundry	qrp/seooh/raw/yeonbong_ep22-28_claude.md	qrp	20909	25b1997cdad6f95dec09ce56c96d96c123339b1bea4f3602b8c315247c0321ba	a4cbcb57d85da16dc86a645ae286f65a577b963b	tracked	model_run	ineligible	yes	raw_or_excerpt	none	model output, campaign artifact, or execution log
v2	/Users/a2501/Desktop/ff_studio_v2/edge_repos/ff_foundry	qrp/seooh/raw/yeonbong_ep22-28_codex.md	qrp	19805	b08759e477cc069d8325ab26629109b1c1c009b69b4f0c7fac1c8ac61a5b24b1	a4cbcb57d85da16dc86a645ae286f65a577b963b	tracked	model_run	ineligible	yes	raw_or_excerpt	none	model output, campaign artifact, or execution log
v2	/Users/a2501/Desktop/ff_studio_v2/edge_repos/ff_foundry	qrp/seooh/raw/yeonbong_ep29-35_claude.md	qrp	21247	d1c93e2d7deccbd13bbe0e0ce0d300f477f3c8f78ce2423174b2a8a29122f795	a4cbcb57d85da16dc86a645ae286f65a577b963b	tracked	model_run	ineligible	yes	raw_or_excerpt	none	model output, campaign artifact, or execution log
v2	/Users/a2501/Desktop/ff_studio_v2/edge_repos/ff_foundry	qrp/seooh/raw/yeonbong_ep29-35_codex.md	qrp	22164	c1e9c6b0296a6a1c3c4c98be68736586ee92bd962b909585b1f0334b8eb35f00	a4cbcb57d85da16dc86a645ae286f65a577b963b	tracked	model_run	ineligible	yes	raw_or_excerpt	none	model output, campaign artifact, or execution log
v2	/Users/a2501/Desktop/ff_studio_v2/edge_repos/ff_foundry	qrp/seooh/raw/yeonbong_ep36-42_claude.md	qrp	22518	cc38172deddf4950014b6838d0f107e71469cdc8f24f0c7252d9e691ccc291f8	a4cbcb57d85da16dc86a645ae286f65a577b963b	tracked	model_run	ineligible	yes	raw_or_excerpt	none	model output, campaign artifact, or execution log
v2	/Users/a2501/Desktop/ff_studio_v2/edge_repos/ff_foundry	qrp/seooh/raw/yeonbong_ep36-42_codex.md	qrp	19289	5128fbed8485b1c5c1a872b24b687fef8efee7c31ebb0e606479d0d9bad452eb	a4cbcb57d85da16dc86a645ae286f65a577b963b	tracked	model_run	ineligible	yes	raw_or_excerpt	none	model output, campaign artifact, or execution log
v2	/Users/a2501/Desktop/ff_studio_v2/edge_repos/ff_foundry	qrp/seooh/raw/yeonbong_ep43-49_claude.md	qrp	22209	b975f55b7b0deeb3899c204cf6881656532786b00a5b69dc2b7169a311460925	a4cbcb57d85da16dc86a645ae286f65a577b963b	tracked	model_run	ineligible	yes	raw_or_excerpt	none	model output, campaign artifact, or execution log
v2	/Users/a2501/Desktop/ff_studio_v2/edge_repos/ff_foundry	qrp/seooh/raw/yeonbong_ep43-49_codex.md	qrp	22802	cede425ece2169baf2fd8db5a93e4bcafb1b029caf481dc65612b1c7fa5f6d2a	a4cbcb57d85da16dc86a645ae286f65a577b963b	tracked	model_run	ineligible	yes	raw_or_excerpt	none	model output, campaign artifact, or execution log
v2	/Users/a2501/Desktop/ff_studio_v2/edge_repos/ff_foundry	qrp/seooh/raw/yeonbong_ep50-56_claude.md	qrp	23135	7a17d6752cc16d4fdbef9e95ce844fd5804382e087b56a91d1588ff8b9eda4bc	a4cbcb57d85da16dc86a645ae286f65a577b963b	tracked	model_run	ineligible	yes	raw_or_excerpt	none	model output, campaign artifact, or execution log
v2	/Users/a2501/Desktop/ff_studio_v2/edge_repos/ff_foundry	qrp/seooh/raw/yeonbong_ep50-56_codex.md	qrp	18960	ab7175922c998e41d2fab169e2c0dc0d88ec2f5d9d930c58de9898a00a5fe910	a4cbcb57d85da16dc86a645ae286f65a577b963b	tracked	model_run	ineligible	yes	raw_or_excerpt	none	model output, campaign artifact, or execution log
v2	/Users/a2501/Desktop/ff_studio_v2/edge_repos/ff_foundry	qrp/seooh/raw/yeonbong_ep57-63_claude.md	qrp	23350	07de720269ea9726946c97e3fa7190d1b7ea3eccdb03cae116c620b7a36277da	a4cbcb57d85da16dc86a645ae286f65a577b963b	tracked	model_run	ineligible	yes	raw_or_excerpt	none	model output, campaign artifact, or execution log
v2	/Users/a2501/Desktop/ff_studio_v2/edge_repos/ff_foundry	qrp/seooh/raw/yeonbong_ep57-63_codex.md	qrp	18743	ba00abe22b76223b37dd9ff1cadbe09aa0ceaee724a3718c752abc16b331b7cc	a4cbcb57d85da16dc86a645ae286f65a577b963b	tracked	model_run	ineligible	yes	raw_or_excerpt	none	model output, campaign artifact, or execution log
v2	/Users/a2501/Desktop/ff_studio_v2/edge_repos/ff_foundry	render/item_bank.md	render	4864	0ebdda86c366e21cc4e0f004ed61f039aadf9abffa8d78836255ea99edbf687e	a4cbcb57d85da16dc86a645ae286f65a577b963b	tracked	bank_card	cross_genre_candidate	no	unclear	none	render card: concrete-object rendering rule independent of finance premise; provenance must be reviewed
v2	/Users/a2501/Desktop/ff_studio_v2/edge_repos/ff_foundry	render/voice_dna/seooh.md	render	3930	24f0a32572be575903e3e2dd2fce09bd21fe79aafab63ae1fa26175e524e5a95	a4cbcb57d85da16dc86a645ae286f65a577b963b	tracked	bank_card	cross_genre_candidate	no	unclear	none	author-specific voice card; cross-genre candidate only as a review item, not a transferable voice prescription
v2	/Users/a2501/Desktop/ff_studio_v2/edge_repos/ff_foundry	render/waste_rhythm_bank.md	render	3638	5d5c0b40fc17c63713d733cd1eac6ee25548d363c23815039b0318a6c2359a6f	a4cbcb57d85da16dc86a645ae286f65a577b963b	tracked	bank_card	cross_genre_candidate	no	unclear	none	render card: rhythm/afterbeat rule independent of finance premise; provenance must be reviewed
v2	/Users/a2501/Desktop/ff_studio_v2/edge_repos/ff_foundry	source_maps/.gitkeep	source_maps	1	01ba4719c80b6fe911b091a7c05124b64eeece964e09c058ef8f9805daca546b	a4cbcb57d85da16dc86a645ae286f65a577b963b	tracked	superseded	ineligible	unclear	unclear	sha256:block/.gitkeep,comparisons/.gitkeep,esm/.gitkeep,source_maps/.gitkeep; relative_path:source_maps/.gitkeep	v3 duplicate candidate; do not migrate in Phase 0
v2	/Users/a2501/Desktop/ff_studio_v2/edge_repos/ff_foundry	source_maps/README.md	source_maps	3881	c597ee48782d5024f79aaf1a6c6c8b9a876ba27912dc49c94a0e269e860c7a53	a4cbcb57d85da16dc86a645ae286f65a577b963b	tracked	superseded	ineligible	unclear	clear_pointer	sha256:source_maps/README.md; relative_path:source_maps/README.md	v3 duplicate candidate; do not migrate in Phase 0
v2	/Users/a2501/Desktop/ff_studio_v2/edge_repos/ff_foundry	source_maps/assembly_recipe_template.md	source_maps	5793	c95f14d906db25ff2cc6e50dcf5c054b62c192089e47d28a751e2c7d64f5d1cc	a4cbcb57d85da16dc86a645ae286f65a577b963b	tracked	superseded	ineligible	unclear	clear_pointer	sha256:source_maps/assembly_recipe_template.md; relative_path:source_maps/assembly_recipe_template.md	v3 duplicate candidate; do not migrate in Phase 0
v2	/Users/a2501/Desktop/ff_studio_v2/edge_repos/ff_foundry	source_maps/character_court_template.md	source_maps	2573	cdf289c474489a5c7947f56f9c07129d9c617bd42b4e40851950dae0df9a1364	a4cbcb57d85da16dc86a645ae286f65a577b963b	tracked	superseded	ineligible	unclear	unclear	sha256:source_maps/character_court_template.md; relative_path:source_maps/character_court_template.md	v3 duplicate candidate; do not migrate in Phase 0
v2	/Users/a2501/Desktop/ff_studio_v2/edge_repos/ff_foundry	source_maps/hukkum_intake_manifest.md	source_maps	1758	f966c2ed2c6fa508028567d3d625d73f3d99e750c16afd34a3aee8aa0f0cd858	a4cbcb57d85da16dc86a645ae286f65a577b963b	tracked	superseded	ineligible	unclear	clear_pointer	sha256:source_maps/hukkum_intake_manifest.md; relative_path:source_maps/hukkum_intake_manifest.md	v3 duplicate candidate; do not migrate in Phase 0
v2	/Users/a2501/Desktop/ff_studio_v2/edge_repos/ff_foundry	source_maps/modern_finance_story_blocks.md	source_maps	9463	16bfab735eef06412da928ac5895e24b0a5d3075622946b2d92e0eae44c1cc3d	a4cbcb57d85da16dc86a645ae286f65a577b963b	tracked	superseded	ineligible	yes	clear_pointer	sha256:source_maps/modern_finance_story_blocks.md; relative_path:source_maps/modern_finance_story_blocks.md	v3 duplicate candidate; do not migrate in Phase 0
v2	/Users/a2501/Desktop/ff_studio_v2/edge_repos/ff_foundry	source_maps/modern_talent_story_blocks.md	source_maps	5902	58bf136124c83de4490c8d2284a567bc735dd6bb83cb5ce8f5f5c2edba3aab55	a4cbcb57d85da16dc86a645ae286f65a577b963b	tracked	superseded	ineligible	unclear	clear_pointer	sha256:source_maps/modern_talent_story_blocks.md; relative_path:source_maps/modern_talent_story_blocks.md	v3 duplicate candidate; do not migrate in Phase 0
v2	/Users/a2501/Desktop/ff_studio_v2/edge_repos/ff_foundry	source_maps/premise_transaction_template.md	source_maps	2772	a729ee2155b021c8299c8b82d266965a90a9b553dbdde033318fdae53b2c9f2d	a4cbcb57d85da16dc86a645ae286f65a577b963b	tracked	superseded	ineligible	unclear	unclear	sha256:source_maps/premise_transaction_template.md; relative_path:source_maps/premise_transaction_template.md	v3 duplicate candidate; do not migrate in Phase 0
v2	/Users/a2501/Desktop/ff_studio_v2/edge_repos/ff_foundry	source_maps/scene_forge_template.md	source_maps	4293	99248fbe51cc1127d6a04353f554be293ea3ca52654cf64d30450ae2330e908f	a4cbcb57d85da16dc86a645ae286f65a577b963b	tracked	superseded	ineligible	unclear	clear_pointer	sha256:source_maps/scene_forge_template.md; relative_path:source_maps/scene_forge_template.md	v3 duplicate candidate; do not migrate in Phase 0
v2	/Users/a2501/Desktop/ff_studio_v2/edge_repos/ff_foundry	source_maps/source_map_template.md	source_maps	1506	221a68593733078426dce572ac7785c82c9094b55a0a968a58894c2ded4d14cd	a4cbcb57d85da16dc86a645ae286f65a577b963b	tracked	superseded	ineligible	unclear	clear_pointer	sha256:source_maps/source_map_template.md; relative_path:source_maps/source_map_template.md	v3 duplicate candidate; do not migrate in Phase 0
v2	/Users/a2501/Desktop/ff_studio_v2/edge_repos/ff_foundry	source_maps/yujaemu_misfortune_chaebol_story_blocks.md	source_maps	18033	f2fe407142b0a2b0b7686a07abb90d8faa6712a4a5af2c2bd8347b96baace1b5	a4cbcb57d85da16dc86a645ae286f65a577b963b	tracked	superseded	ineligible	yes	clear_pointer	sha256:source_maps/yujaemu_misfortune_chaebol_story_blocks.md; relative_path:source_maps/yujaemu_misfortune_chaebol_story_blocks.md	v3 duplicate candidate; do not migrate in Phase 0
v3	/Users/a2501/Desktop/v3_firefly_studio/edge_repos/v3_ff_foundry	README.md	(root)	7159	ffb834d165a59a1b21456ffa2623c79b3dec5bb30972ac060da744b284638b3c	2c7adbfeb822e026d40ac88e41fd600dadcb9338	tracked	methodology	ineligible	unclear	clear_pointer	sha256:README.md; relative_path:README.md	index, template, brief, or dispatch methodology
v3	/Users/a2501/Desktop/v3_firefly_studio/edge_repos/v3_ff_foundry	block/.gitkeep	block	1	01ba4719c80b6fe911b091a7c05124b64eeece964e09c058ef8f9805daca546b	2c7adbfeb822e026d40ac88e41fd600dadcb9338	tracked	methodology	ineligible	unclear	unclear	sha256:block/.gitkeep,comparisons/.gitkeep,esm/.gitkeep,source_maps/.gitkeep; relative_path:block/.gitkeep	repository placeholder
v3	/Users/a2501/Desktop/v3_firefly_studio/edge_repos/v3_ff_foundry	block/README.md	block	891	4e774cbc11cc0a9f6ab5f74179988aef642185df8cdd5cf79dc3728c12c73f79	2c7adbfeb822e026d40ac88e41fd600dadcb9338	tracked	methodology	ineligible	unclear	unclear	sha256:block/README.md; relative_path:block/README.md	index, template, brief, or dispatch methodology
v3	/Users/a2501/Desktop/v3_firefly_studio/edge_repos/v3_ff_foundry	block/block_bank.md	block	32201	5084429ce0d37c602514f3140177285cda7b78d20ee30636a7e04067e3574404	2c7adbfeb822e026d40ac88e41fd600dadcb9338	tracked	bank_card	genre_pack	unclear	clear_pointer	sha256:block/block_bank.md; relative_path:block/block_bank.md	curated material or Story Block candidate; requires Phase 1 provenance review
v3	/Users/a2501/Desktop/v3_firefly_studio/edge_repos/v3_ff_foundry	block/evidence/kdh/geumsujeo_saenghwal.md	block	4009	75c7186c84abc13fcfb36d59cf1a17d750a1b5876477683a31fe2c7e05d67985	2c7adbfeb822e026d40ac88e41fd600dadcb9338	tracked	evidence	ineligible	yes	clear_pointer	sha256:block/evidence/kdh/geumsujeo_saenghwal.md; relative_path:block/evidence/kdh/geumsujeo_saenghwal.md; name:_synthesis/kdh/geumsujeo_saenghwal.md,character/evidence/kdh/geumsujeo_saenghwal.md,esm/evidence/kdh/geumsujeo_saenghwal.md,pitch/extracted/geumsujeo_saenghwal.md	observation or comparison support, not a promoted card
v3	/Users/a2501/Desktop/v3_firefly_studio/edge_repos/v3_ff_foundry	block/evidence/kdh/geumsujeo_tuja.md	block	6670	d053e778ecc329f2455654b18f335f71b609d8dbb00ab1b034e1dadd714d661b	2c7adbfeb822e026d40ac88e41fd600dadcb9338	tracked	evidence	ineligible	yes	clear_pointer	sha256:block/evidence/kdh/geumsujeo_tuja.md; relative_path:block/evidence/kdh/geumsujeo_tuja.md; name:_synthesis/kdh/geumsujeo_tuja.md,character/evidence/kdh/geumsujeo_tuja.md,esm/evidence/kdh/geumsujeo_tuja.md,pitch/extracted/geumsujeo_tuja.md	observation or comparison support, not a promoted card
v3	/Users/a2501/Desktop/v3_firefly_studio/edge_repos/v3_ff_foundry	block/evidence/kdh/seonggongsidae.md	block	4343	759ca01d16cda9ce1c046999fa73a91684d2860d6dd7422d09108e4221632a6d	2c7adbfeb822e026d40ac88e41fd600dadcb9338	tracked	evidence	ineligible	unclear	clear_pointer	sha256:block/evidence/kdh/seonggongsidae.md; relative_path:block/evidence/kdh/seonggongsidae.md; name:_synthesis/kdh/seonggongsidae.md,character/evidence/kdh/seonggongsidae.md,esm/evidence/kdh/seonggongsidae.md,pitch/extracted/seonggongsidae.md	observation or comparison support, not a promoted card
v3	/Users/a2501/Desktop/v3_firefly_studio/edge_repos/v3_ff_foundry	block/evidence/seooh/doksik_ep01-05.md	block	1551	fb0d687605185b53d9fa52954eaa10af955e11da4ee3e8b76b5f47ef5fd7a31a	2c7adbfeb822e026d40ac88e41fd600dadcb9338	tracked	evidence	ineligible	unclear	clear_pointer	sha256:block/evidence/seooh/doksik_ep01-05.md; relative_path:block/evidence/seooh/doksik_ep01-05.md; name:_synthesis/seooh/doksik_ep01-05.md,character/evidence/seooh/doksik_ep01-05.md,esm/evidence/seooh/doksik_ep01-05.md	observation or comparison support, not a promoted card
v3	/Users/a2501/Desktop/v3_firefly_studio/edge_repos/v3_ff_foundry	block/evidence/seooh/doksik_ep08-14.md	block	1109	429fa53c189d5942a90fbb03172a3f43d9d97ae66e5f1e27ab054bffc619027b	2c7adbfeb822e026d40ac88e41fd600dadcb9338	tracked	evidence	ineligible	yes	clear_pointer	sha256:block/evidence/seooh/doksik_ep08-14.md; relative_path:block/evidence/seooh/doksik_ep08-14.md; name:_synthesis/seooh/doksik_ep08-14.md,character/evidence/seooh/doksik_ep08-14.md,esm/evidence/seooh/doksik_ep08-14.md,qrp/seooh/_campaign/slices/doksik_ep08-14.txt	observation or comparison support, not a promoted card
v3	/Users/a2501/Desktop/v3_firefly_studio/edge_repos/v3_ff_foundry	block/evidence/seooh/doksik_ep15-21.md	block	1409	467db4cbd09f2341caf6c190cf3a3d71fa187c2551002096e968e50e0b4b43f5	2c7adbfeb822e026d40ac88e41fd600dadcb9338	tracked	evidence	ineligible	unclear	clear_pointer	sha256:block/evidence/seooh/doksik_ep15-21.md; relative_path:block/evidence/seooh/doksik_ep15-21.md; name:_synthesis/seooh/doksik_ep15-21.md,character/evidence/seooh/doksik_ep15-21.md,esm/evidence/seooh/doksik_ep15-21.md,qrp/seooh/_campaign/slices/doksik_ep15-21.txt	observation or comparison support, not a promoted card
v3	/Users/a2501/Desktop/v3_firefly_studio/edge_repos/v3_ff_foundry	block/evidence/seooh/doksik_ep22-50.md	block	1457	1fa0bb83aa21ce24fb591b46a702d79f0ae3fc433571d4eaff09447756fdfe59	2c7adbfeb822e026d40ac88e41fd600dadcb9338	tracked	evidence	ineligible	yes	clear_pointer	sha256:block/evidence/seooh/doksik_ep22-50.md; relative_path:block/evidence/seooh/doksik_ep22-50.md; name:_synthesis/seooh/doksik_ep22-50.md,character/evidence/seooh/doksik_ep22-50.md,esm/evidence/seooh/doksik_ep22-50.md	observation or comparison support, not a promoted card
v3	/Users/a2501/Desktop/v3_firefly_studio/edge_repos/v3_ff_foundry	block/evidence/seooh/doksik_ep78-86_imf_payoff.md	block	1847	fdc5debad6c36db8b376d0e48f3559d1f7901dc2671ccfd43aa31ec86a715c33	2c7adbfeb822e026d40ac88e41fd600dadcb9338	tracked	evidence	ineligible	yes	clear_pointer	sha256:block/evidence/seooh/doksik_ep78-86_imf_payoff.md; relative_path:block/evidence/seooh/doksik_ep78-86_imf_payoff.md; name:_synthesis/seooh/doksik_ep78-86_imf_payoff.md,character/evidence/seooh/doksik_ep78-86_imf_payoff.md,esm/evidence/seooh/doksik_ep78-86_imf_payoff.md	observation or comparison support, not a promoted card
v3	/Users/a2501/Desktop/v3_firefly_studio/edge_repos/v3_ff_foundry	block/evidence/seooh/mabeop_ep01-05.md	block	1878	d321ba953649effe5d1c7a124eec9461e865f1b51013801fd7e9a0dbedf1734a	2c7adbfeb822e026d40ac88e41fd600dadcb9338	tracked	evidence	ineligible	unclear	clear_pointer	sha256:block/evidence/seooh/mabeop_ep01-05.md; relative_path:block/evidence/seooh/mabeop_ep01-05.md; name:_synthesis/seooh/mabeop_ep01-05.md,character/evidence/seooh/mabeop_ep01-05.md,esm/evidence/seooh/mabeop_ep01-05.md	observation or comparison support, not a promoted card
v3	/Users/a2501/Desktop/v3_firefly_studio/edge_repos/v3_ff_foundry	block/evidence/seooh/mabeop_ep06-14.md	block	2312	944c4d32118d3c80901fa43d4926015774d8bbe69b44fab7084e73d37b30f319	2c7adbfeb822e026d40ac88e41fd600dadcb9338	tracked	evidence	ineligible	unclear	clear_pointer	sha256:block/evidence/seooh/mabeop_ep06-14.md; relative_path:block/evidence/seooh/mabeop_ep06-14.md; name:_synthesis/seooh/mabeop_ep06-14.md,character/evidence/seooh/mabeop_ep06-14.md,esm/evidence/seooh/mabeop_ep06-14.md	observation or comparison support, not a promoted card
v3	/Users/a2501/Desktop/v3_firefly_studio/edge_repos/v3_ff_foundry	block/evidence/seooh/mabeop_ep15-21.md	block	1987	0caaad340299a830fa8eb469ec42c1d5d5f4290eb371b7ac8de8c922e985bba8	2c7adbfeb822e026d40ac88e41fd600dadcb9338	tracked	evidence	ineligible	unclear	clear_pointer	sha256:block/evidence/seooh/mabeop_ep15-21.md; relative_path:block/evidence/seooh/mabeop_ep15-21.md; name:_synthesis/seooh/mabeop_ep15-21.md,character/evidence/seooh/mabeop_ep15-21.md,esm/evidence/seooh/mabeop_ep15-21.md,qrp/seooh/_campaign/slices/mabeop_ep15-21.txt	observation or comparison support, not a promoted card
v3	/Users/a2501/Desktop/v3_firefly_studio/edge_repos/v3_ff_foundry	block/evidence/seooh/mabeop_ep22-50.md	block	2248	d1d07e544041c426b45375e6d908fe80d31af7b51c7416870ee3644e952ba45a	2c7adbfeb822e026d40ac88e41fd600dadcb9338	tracked	evidence	ineligible	unclear	clear_pointer	sha256:block/evidence/seooh/mabeop_ep22-50.md; relative_path:block/evidence/seooh/mabeop_ep22-50.md; name:_synthesis/seooh/mabeop_ep22-50.md,character/evidence/seooh/mabeop_ep22-50.md,esm/evidence/seooh/mabeop_ep22-50.md	observation or comparison support, not a promoted card
v3	/Users/a2501/Desktop/v3_firefly_studio/edge_repos/v3_ff_foundry	block/evidence/seooh/yeonbong_ep01-05.md	block	1715	9957a8374ada5a7d58f7a5d7496354d4a37ef54ee23a90a9d627e98a042e4825	2c7adbfeb822e026d40ac88e41fd600dadcb9338	tracked	evidence	ineligible	yes	clear_pointer	sha256:block/evidence/seooh/yeonbong_ep01-05.md; relative_path:block/evidence/seooh/yeonbong_ep01-05.md; name:_synthesis/seooh/yeonbong_ep01-05.md,character/evidence/seooh/yeonbong_ep01-05.md,esm/evidence/seooh/yeonbong_ep01-05.md	observation or comparison support, not a promoted card
v3	/Users/a2501/Desktop/v3_firefly_studio/edge_repos/v3_ff_foundry	block/evidence/seooh/yeonbong_ep06-14.md	block	3007	68441c4a2377afe00b5c4b19cc43a03660bbd8257d917927311bdbf64f21f3eb	2c7adbfeb822e026d40ac88e41fd600dadcb9338	tracked	evidence	ineligible	yes	clear_pointer	sha256:block/evidence/seooh/yeonbong_ep06-14.md; relative_path:block/evidence/seooh/yeonbong_ep06-14.md; name:_synthesis/seooh/yeonbong_ep06-14.md,character/evidence/seooh/yeonbong_ep06-14.md,esm/evidence/seooh/yeonbong_ep06-14.md	observation or comparison support, not a promoted card
v3	/Users/a2501/Desktop/v3_firefly_studio/edge_repos/v3_ff_foundry	block/evidence/seooh/yeonbong_ep15-21.md	block	2585	91bca5f3e49defaf46323146a3610a48b2e8dbe05ea1dc4f2c59ddba353d58f4	2c7adbfeb822e026d40ac88e41fd600dadcb9338	tracked	evidence	ineligible	unclear	clear_pointer	sha256:block/evidence/seooh/yeonbong_ep15-21.md; relative_path:block/evidence/seooh/yeonbong_ep15-21.md; name:_synthesis/seooh/yeonbong_ep15-21.md,character/evidence/seooh/yeonbong_ep15-21.md,esm/evidence/seooh/yeonbong_ep15-21.md,qrp/seooh/_campaign/slices/yeonbong_ep15-21.txt	observation or comparison support, not a promoted card
v3	/Users/a2501/Desktop/v3_firefly_studio/edge_repos/v3_ff_foundry	block/evidence/seooh/yeonbong_ep22-50.md	block	1884	f72efb952b20a103ab73fb1b639769d52b506f19ef25f6f384a2751579a4152b	2c7adbfeb822e026d40ac88e41fd600dadcb9338	tracked	evidence	ineligible	yes	clear_pointer	sha256:block/evidence/seooh/yeonbong_ep22-50.md; relative_path:block/evidence/seooh/yeonbong_ep22-50.md; name:_synthesis/seooh/yeonbong_ep22-50.md,character/evidence/seooh/yeonbong_ep22-50.md,esm/evidence/seooh/yeonbong_ep22-50.md	observation or comparison support, not a promoted card
v3	/Users/a2501/Desktop/v3_firefly_studio/edge_repos/v3_ff_foundry	character/README.md	character	1488	e4a2c1b3f7e95d7923b1cbb1f47b0ca4e19a52e27cb3d76d5ee059b623ca0ed8	2c7adbfeb822e026d40ac88e41fd600dadcb9338	tracked	methodology	ineligible	unclear	unclear	sha256:character/README.md; relative_path:character/README.md	index, template, brief, or dispatch methodology
v3	/Users/a2501/Desktop/v3_firefly_studio/edge_repos/v3_ff_foundry	character/character_bank.md	character	42427	e6037a30c58a0d38b693568be2539469209101cba94b38d1fb4003b2507bbccd	2c7adbfeb822e026d40ac88e41fd600dadcb9338	tracked	bank_card	genre_pack	unclear	clear_pointer	sha256:character/character_bank.md; relative_path:character/character_bank.md	curated material or Story Block candidate; requires Phase 1 provenance review
v3	/Users/a2501/Desktop/v3_firefly_studio/edge_repos/v3_ff_foundry	character/evidence/kdh/geumsujeo_saenghwal.md	character	4607	0fc463e3d21c64dcd09adcdcb7b9a9f2a4d4308f6562457f8b602d669cbe1bf2	2c7adbfeb822e026d40ac88e41fd600dadcb9338	tracked	evidence	ineligible	yes	clear_pointer	sha256:character/evidence/kdh/geumsujeo_saenghwal.md; relative_path:character/evidence/kdh/geumsujeo_saenghwal.md; name:_synthesis/kdh/geumsujeo_saenghwal.md,block/evidence/kdh/geumsujeo_saenghwal.md,esm/evidence/kdh/geumsujeo_saenghwal.md,pitch/extracted/geumsujeo_saenghwal.md	observation or comparison support, not a promoted card
v3	/Users/a2501/Desktop/v3_firefly_studio/edge_repos/v3_ff_foundry	character/evidence/kdh/geumsujeo_tuja.md	character	6782	1927c7d74049ccb65abea3dd0439043d607c7c5e1af69fe14ebf4d29252d68d1	2c7adbfeb822e026d40ac88e41fd600dadcb9338	tracked	evidence	ineligible	yes	clear_pointer	sha256:character/evidence/kdh/geumsujeo_tuja.md; relative_path:character/evidence/kdh/geumsujeo_tuja.md; name:_synthesis/kdh/geumsujeo_tuja.md,block/evidence/kdh/geumsujeo_tuja.md,esm/evidence/kdh/geumsujeo_tuja.md,pitch/extracted/geumsujeo_tuja.md	observation or comparison support, not a promoted card
v3	/Users/a2501/Desktop/v3_firefly_studio/edge_repos/v3_ff_foundry	character/evidence/kdh/seonggongsidae.md	character	5869	c6df38aaa275b253cc51c3e6f1392d925b1b7d2202e65e9585591dcb9f293d22	2c7adbfeb822e026d40ac88e41fd600dadcb9338	tracked	evidence	ineligible	unclear	clear_pointer	sha256:character/evidence/kdh/seonggongsidae.md; relative_path:character/evidence/kdh/seonggongsidae.md; name:_synthesis/kdh/seonggongsidae.md,block/evidence/kdh/seonggongsidae.md,esm/evidence/kdh/seonggongsidae.md,pitch/extracted/seonggongsidae.md	observation or comparison support, not a promoted card
v3	/Users/a2501/Desktop/v3_firefly_studio/edge_repos/v3_ff_foundry	character/evidence/seooh/doksik_ep01-05.md	character	2758	cff17e6f7c8b526875abe99318c9eb1110ac95dd4e3c88f953025ecd5d0a6540	2c7adbfeb822e026d40ac88e41fd600dadcb9338	tracked	evidence	ineligible	yes	clear_pointer	sha256:character/evidence/seooh/doksik_ep01-05.md; relative_path:character/evidence/seooh/doksik_ep01-05.md; name:_synthesis/seooh/doksik_ep01-05.md,block/evidence/seooh/doksik_ep01-05.md,esm/evidence/seooh/doksik_ep01-05.md	observation or comparison support, not a promoted card
v3	/Users/a2501/Desktop/v3_firefly_studio/edge_repos/v3_ff_foundry	character/evidence/seooh/doksik_ep08-14.md	character	1759	0f83265d4ab9444011204a9fa21a4f35e6c545c35df1128e25f674de7858bf3e	2c7adbfeb822e026d40ac88e41fd600dadcb9338	tracked	evidence	ineligible	yes	clear_pointer	sha256:character/evidence/seooh/doksik_ep08-14.md; relative_path:character/evidence/seooh/doksik_ep08-14.md; name:_synthesis/seooh/doksik_ep08-14.md,block/evidence/seooh/doksik_ep08-14.md,esm/evidence/seooh/doksik_ep08-14.md,qrp/seooh/_campaign/slices/doksik_ep08-14.txt	observation or comparison support, not a promoted card
v3	/Users/a2501/Desktop/v3_firefly_studio/edge_repos/v3_ff_foundry	character/evidence/seooh/doksik_ep15-21.md	character	2599	bcc220d20f6b97f4138677043a9319e9e9e565b17c57e35de2044bc26efe0495	2c7adbfeb822e026d40ac88e41fd600dadcb9338	tracked	evidence	ineligible	unclear	clear_pointer	sha256:character/evidence/seooh/doksik_ep15-21.md; relative_path:character/evidence/seooh/doksik_ep15-21.md; name:_synthesis/seooh/doksik_ep15-21.md,block/evidence/seooh/doksik_ep15-21.md,esm/evidence/seooh/doksik_ep15-21.md,qrp/seooh/_campaign/slices/doksik_ep15-21.txt	observation or comparison support, not a promoted card
v3	/Users/a2501/Desktop/v3_firefly_studio/edge_repos/v3_ff_foundry	character/evidence/seooh/doksik_ep22-50.md	character	1940	145779ec4f1bf869571eef42d447f57c774523f37b079d31b90284866acee049	2c7adbfeb822e026d40ac88e41fd600dadcb9338	tracked	evidence	ineligible	unclear	clear_pointer	sha256:character/evidence/seooh/doksik_ep22-50.md; relative_path:character/evidence/seooh/doksik_ep22-50.md; name:_synthesis/seooh/doksik_ep22-50.md,block/evidence/seooh/doksik_ep22-50.md,esm/evidence/seooh/doksik_ep22-50.md	observation or comparison support, not a promoted card
v3	/Users/a2501/Desktop/v3_firefly_studio/edge_repos/v3_ff_foundry	character/evidence/seooh/doksik_ep78-86_imf_payoff.md	character	2495	cac86ad50eac4626607002e3f163b2f2e67a82ed38aa6fac9e57e294ccff72e1	2c7adbfeb822e026d40ac88e41fd600dadcb9338	tracked	evidence	ineligible	yes	clear_pointer	sha256:character/evidence/seooh/doksik_ep78-86_imf_payoff.md; relative_path:character/evidence/seooh/doksik_ep78-86_imf_payoff.md; name:_synthesis/seooh/doksik_ep78-86_imf_payoff.md,block/evidence/seooh/doksik_ep78-86_imf_payoff.md,esm/evidence/seooh/doksik_ep78-86_imf_payoff.md	observation or comparison support, not a promoted card
v3	/Users/a2501/Desktop/v3_firefly_studio/edge_repos/v3_ff_foundry	character/evidence/seooh/mabeop_ep01-05.md	character	3257	e7bfa6a4e813e3642e5556685e63ac50fc48a1e9ff67b8450d9efab26620bae3	2c7adbfeb822e026d40ac88e41fd600dadcb9338	tracked	evidence	ineligible	unclear	clear_pointer	sha256:character/evidence/seooh/mabeop_ep01-05.md; relative_path:character/evidence/seooh/mabeop_ep01-05.md; name:_synthesis/seooh/mabeop_ep01-05.md,block/evidence/seooh/mabeop_ep01-05.md,esm/evidence/seooh/mabeop_ep01-05.md	observation or comparison support, not a promoted card
v3	/Users/a2501/Desktop/v3_firefly_studio/edge_repos/v3_ff_foundry	character/evidence/seooh/mabeop_ep06-14.md	character	3296	a589bf57d5a26b1c00fcf67e1c6174a5601e2621224e33b45a0e18c5c5befd27	2c7adbfeb822e026d40ac88e41fd600dadcb9338	tracked	evidence	ineligible	unclear	clear_pointer	sha256:character/evidence/seooh/mabeop_ep06-14.md; relative_path:character/evidence/seooh/mabeop_ep06-14.md; name:_synthesis/seooh/mabeop_ep06-14.md,block/evidence/seooh/mabeop_ep06-14.md,esm/evidence/seooh/mabeop_ep06-14.md	observation or comparison support, not a promoted card
v3	/Users/a2501/Desktop/v3_firefly_studio/edge_repos/v3_ff_foundry	character/evidence/seooh/mabeop_ep15-21.md	character	2694	74eba99dc8355649deb999057f3cb727b3f3b2911fa4f9d93c1db4c54106af18	2c7adbfeb822e026d40ac88e41fd600dadcb9338	tracked	evidence	ineligible	unclear	clear_pointer	sha256:character/evidence/seooh/mabeop_ep15-21.md; relative_path:character/evidence/seooh/mabeop_ep15-21.md; name:_synthesis/seooh/mabeop_ep15-21.md,block/evidence/seooh/mabeop_ep15-21.md,esm/evidence/seooh/mabeop_ep15-21.md,qrp/seooh/_campaign/slices/mabeop_ep15-21.txt	observation or comparison support, not a promoted card
v3	/Users/a2501/Desktop/v3_firefly_studio/edge_repos/v3_ff_foundry	character/evidence/seooh/mabeop_ep22-50.md	character	4058	1e228ca5467ddcb964c24cda5a63b0674674a6c524b4b7775790289d60a64a78	2c7adbfeb822e026d40ac88e41fd600dadcb9338	tracked	evidence	ineligible	unclear	clear_pointer	sha256:character/evidence/seooh/mabeop_ep22-50.md; relative_path:character/evidence/seooh/mabeop_ep22-50.md; name:_synthesis/seooh/mabeop_ep22-50.md,block/evidence/seooh/mabeop_ep22-50.md,esm/evidence/seooh/mabeop_ep22-50.md	observation or comparison support, not a promoted card
v3	/Users/a2501/Desktop/v3_firefly_studio/edge_repos/v3_ff_foundry	character/evidence/seooh/yeonbong_ep01-05.md	character	2615	e7c1816c41abff09ad3ff29777e4195bae420693a30c06b624eba2d294247008	2c7adbfeb822e026d40ac88e41fd600dadcb9338	tracked	evidence	ineligible	yes	clear_pointer	sha256:character/evidence/seooh/yeonbong_ep01-05.md; relative_path:character/evidence/seooh/yeonbong_ep01-05.md; name:_synthesis/seooh/yeonbong_ep01-05.md,block/evidence/seooh/yeonbong_ep01-05.md,esm/evidence/seooh/yeonbong_ep01-05.md	observation or comparison support, not a promoted card
v3	/Users/a2501/Desktop/v3_firefly_studio/edge_repos/v3_ff_foundry	character/evidence/seooh/yeonbong_ep06-14.md	character	3448	30fee5e64c0702f6234fd01af12d617de39267032f475966e2f34f99a627b76a	2c7adbfeb822e026d40ac88e41fd600dadcb9338	tracked	evidence	ineligible	yes	clear_pointer	sha256:character/evidence/seooh/yeonbong_ep06-14.md; relative_path:character/evidence/seooh/yeonbong_ep06-14.md; name:_synthesis/seooh/yeonbong_ep06-14.md,block/evidence/seooh/yeonbong_ep06-14.md,esm/evidence/seooh/yeonbong_ep06-14.md	observation or comparison support, not a promoted card
v3	/Users/a2501/Desktop/v3_firefly_studio/edge_repos/v3_ff_foundry	character/evidence/seooh/yeonbong_ep15-21.md	character	4092	0c61a78a11659ba8838c8cb4803f692ae5b953fcc664f73e1a42cd14aa955998	2c7adbfeb822e026d40ac88e41fd600dadcb9338	tracked	evidence	ineligible	unclear	clear_pointer	sha256:character/evidence/seooh/yeonbong_ep15-21.md; relative_path:character/evidence/seooh/yeonbong_ep15-21.md; name:_synthesis/seooh/yeonbong_ep15-21.md,block/evidence/seooh/yeonbong_ep15-21.md,esm/evidence/seooh/yeonbong_ep15-21.md,qrp/seooh/_campaign/slices/yeonbong_ep15-21.txt	observation or comparison support, not a promoted card
v3	/Users/a2501/Desktop/v3_firefly_studio/edge_repos/v3_ff_foundry	character/evidence/seooh/yeonbong_ep22-50.md	character	3199	293d9d450d5fea4b62ed59c3f131b4b0e6cf5c0f02719f5a74f46a5d80a172a8	2c7adbfeb822e026d40ac88e41fd600dadcb9338	tracked	evidence	ineligible	yes	clear_pointer	sha256:character/evidence/seooh/yeonbong_ep22-50.md; relative_path:character/evidence/seooh/yeonbong_ep22-50.md; name:_synthesis/seooh/yeonbong_ep22-50.md,block/evidence/seooh/yeonbong_ep22-50.md,esm/evidence/seooh/yeonbong_ep22-50.md	observation or comparison support, not a promoted card
v3	/Users/a2501/Desktop/v3_firefly_studio/edge_repos/v3_ff_foundry	character/protagonist_operating_archetypes.md	character	9332	6bc26d75da9f5cddf527e0b149a0a526acce8ea69966c0e1d1c4866fce787aad	2c7adbfeb822e026d40ac88e41fd600dadcb9338	tracked	bank_card	genre_pack	unclear	clear_pointer	sha256:character/protagonist_operating_archetypes.md; relative_path:character/protagonist_operating_archetypes.md	curated material or Story Block candidate; requires Phase 1 provenance review
v3	/Users/a2501/Desktop/v3_firefly_studio/edge_repos/v3_ff_foundry	character/protagonist_operating_identity_template.md	character	2042	de16ec553260cc59de5f62148b70d4cd8413823a9db0eb456d44f195a99a620d	2c7adbfeb822e026d40ac88e41fd600dadcb9338	tracked	methodology	ineligible	unclear	unclear	sha256:character/protagonist_operating_identity_template.md; relative_path:character/protagonist_operating_identity_template.md	index, template, brief, or dispatch methodology
v3	/Users/a2501/Desktop/v3_firefly_studio/edge_repos/v3_ff_foundry	comparisons/.gitkeep	comparisons	1	01ba4719c80b6fe911b091a7c05124b64eeece964e09c058ef8f9805daca546b	2c7adbfeb822e026d40ac88e41fd600dadcb9338	tracked	methodology	ineligible	unclear	unclear	sha256:block/.gitkeep,comparisons/.gitkeep,esm/.gitkeep,source_maps/.gitkeep; relative_path:comparisons/.gitkeep	repository placeholder
v3	/Users/a2501/Desktop/v3_firefly_studio/edge_repos/v3_ff_foundry	comparisons/doksik_human_pitch_inferred.md	comparisons	10632	fa12468cd6c9ca93e249a63c9ca395d6cf93a0336c7e9e0e79d2d4ee2c0fd818	2c7adbfeb822e026d40ac88e41fd600dadcb9338	tracked	evidence	ineligible	yes	clear_pointer	sha256:comparisons/doksik_human_pitch_inferred.md; relative_path:comparisons/doksik_human_pitch_inferred.md	observation or comparison support, not a promoted card
v3	/Users/a2501/Desktop/v3_firefly_studio/edge_repos/v3_ff_foundry	craft/craft_doctrine.md	craft	27945	390f06b165790fa2ec782640a6e611c90fac27f7367640eca5d6b20c99753cfd	2c7adbfeb822e026d40ac88e41fd600dadcb9338	tracked	bank_card	genre_pack	unclear	unclear	sha256:craft/craft_doctrine.md; relative_path:craft/craft_doctrine.md	curated material or Story Block candidate; requires Phase 1 provenance review
v3	/Users/a2501/Desktop/v3_firefly_studio/edge_repos/v3_ff_foundry	craft/craft_doctrine_inject.md	craft	4871	6cd6189f63ed82bb1b0edb4e94d013043d262ad15679f4d896b550a703f87bdc	2c7adbfeb822e026d40ac88e41fd600dadcb9338	tracked	bank_card	genre_pack	unclear	unclear	sha256:craft/craft_doctrine_inject.md; relative_path:craft/craft_doctrine_inject.md	curated material or Story Block candidate; requires Phase 1 provenance review
v3	/Users/a2501/Desktop/v3_firefly_studio/edge_repos/v3_ff_foundry	craft/genre_profiles/README.md	craft	2096	8808eaf4c0885b00362c9027ac3d493e662b5e87217b9a3d42d82f4ee0929b12	2c7adbfeb822e026d40ac88e41fd600dadcb9338	tracked	methodology	ineligible	unclear	unclear	sha256:craft/genre_profiles/README.md; relative_path:craft/genre_profiles/README.md	index, template, brief, or dispatch methodology
v3	/Users/a2501/Desktop/v3_firefly_studio/edge_repos/v3_ff_foundry	craft/genre_profiles/martial_arts.md	craft	1863	62ca3f07fb0aae0993df41b661d37cf2b1ae510d1a295e50a0719a584f52ff11	2c7adbfeb822e026d40ac88e41fd600dadcb9338	tracked	bank_card	genre_pack	unclear	unclear	sha256:craft/genre_profiles/martial_arts.md; relative_path:craft/genre_profiles/martial_arts.md	curated material or Story Block candidate; requires Phase 1 provenance review
v3	/Users/a2501/Desktop/v3_firefly_studio/edge_repos/v3_ff_foundry	craft/genre_profiles/modern_fantasy.md	craft	25902	0f08c6584bf2f82387f356ff7107f8be54b0e0f5f45a7107c5f6f86441282c90	2c7adbfeb822e026d40ac88e41fd600dadcb9338	tracked	bank_card	genre_pack	unclear	unclear	sha256:craft/genre_profiles/modern_fantasy.md; relative_path:craft/genre_profiles/modern_fantasy.md	curated material or Story Block candidate; requires Phase 1 provenance review
v3	/Users/a2501/Desktop/v3_firefly_studio/edge_repos/v3_ff_foundry	craft/genre_profiles/modern_finance.md	craft	2108	4822436d7145a078b1608cb64379dc92fb5f14b6e6aff1112117a603aea6d5ce	2c7adbfeb822e026d40ac88e41fd600dadcb9338	tracked	bank_card	genre_pack	yes	unclear	sha256:craft/genre_profiles/modern_finance.md; relative_path:craft/genre_profiles/modern_finance.md	curated material or Story Block candidate; requires Phase 1 provenance review
v3	/Users/a2501/Desktop/v3_firefly_studio/edge_repos/v3_ff_foundry	craft/protagonist_doctrine.md	craft	20316	592a95a43b47c3beb29c28d210b7a9a6e5b315bd9d65eea36a5f6ffc6a345a69	2c7adbfeb822e026d40ac88e41fd600dadcb9338	tracked	bank_card	genre_pack	unclear	unclear	sha256:craft/protagonist_doctrine.md; relative_path:craft/protagonist_doctrine.md	curated material or Story Block candidate; requires Phase 1 provenance review
v3	/Users/a2501/Desktop/v3_firefly_studio/edge_repos/v3_ff_foundry	esm/.gitkeep	esm	1	01ba4719c80b6fe911b091a7c05124b64eeece964e09c058ef8f9805daca546b	2c7adbfeb822e026d40ac88e41fd600dadcb9338	tracked	methodology	ineligible	unclear	unclear	sha256:block/.gitkeep,comparisons/.gitkeep,esm/.gitkeep,source_maps/.gitkeep; relative_path:esm/.gitkeep	repository placeholder
v3	/Users/a2501/Desktop/v3_firefly_studio/edge_repos/v3_ff_foundry	esm/README.md	esm	1082	9fb29770359b284444bb1f866f109797fa6c4c4fecf04bb058b0cb447f3c6b5e	2c7adbfeb822e026d40ac88e41fd600dadcb9338	tracked	methodology	ineligible	unclear	unclear	sha256:esm/README.md; relative_path:esm/README.md	index, template, brief, or dispatch methodology
v3	/Users/a2501/Desktop/v3_firefly_studio/edge_repos/v3_ff_foundry	esm/esm_bank.md	esm	43422	0b3bedfcfdef160a6820245b02ca14fd56d8c908a8fc8a2e73bcebf3cb81dd6f	2c7adbfeb822e026d40ac88e41fd600dadcb9338	tracked	bank_card	genre_pack	unclear	clear_pointer	sha256:esm/esm_bank.md; relative_path:esm/esm_bank.md	curated material or Story Block candidate; requires Phase 1 provenance review
v3	/Users/a2501/Desktop/v3_firefly_studio/edge_repos/v3_ff_foundry	esm/evidence/kdh/geumsujeo_saenghwal.md	esm	11539	f60fb37ea1291c58376a84b3b2c8a1eb6cd9dc2ebb79c45e72997d057f5cbc17	2c7adbfeb822e026d40ac88e41fd600dadcb9338	tracked	evidence	ineligible	yes	clear_pointer	sha256:esm/evidence/kdh/geumsujeo_saenghwal.md; relative_path:esm/evidence/kdh/geumsujeo_saenghwal.md; name:_synthesis/kdh/geumsujeo_saenghwal.md,block/evidence/kdh/geumsujeo_saenghwal.md,character/evidence/kdh/geumsujeo_saenghwal.md,pitch/extracted/geumsujeo_saenghwal.md	observation or comparison support, not a promoted card
v3	/Users/a2501/Desktop/v3_firefly_studio/edge_repos/v3_ff_foundry	esm/evidence/kdh/geumsujeo_tuja.md	esm	9843	7cead77e0db47f8244ff2bc755b24c7954b478e4ae562cc9308afea0e5f10acd	2c7adbfeb822e026d40ac88e41fd600dadcb9338	tracked	evidence	ineligible	yes	clear_pointer	sha256:esm/evidence/kdh/geumsujeo_tuja.md; relative_path:esm/evidence/kdh/geumsujeo_tuja.md; name:_synthesis/kdh/geumsujeo_tuja.md,block/evidence/kdh/geumsujeo_tuja.md,character/evidence/kdh/geumsujeo_tuja.md,pitch/extracted/geumsujeo_tuja.md	observation or comparison support, not a promoted card
v3	/Users/a2501/Desktop/v3_firefly_studio/edge_repos/v3_ff_foundry	esm/evidence/kdh/seonggongsidae.md	esm	6102	855eadcb23013dd97a1a7d54d9b0bbfd7ce3baaf3ac3a3c5d1861ac446a5ee4e	2c7adbfeb822e026d40ac88e41fd600dadcb9338	tracked	evidence	ineligible	unclear	clear_pointer	sha256:esm/evidence/kdh/seonggongsidae.md; relative_path:esm/evidence/kdh/seonggongsidae.md; name:_synthesis/kdh/seonggongsidae.md,block/evidence/kdh/seonggongsidae.md,character/evidence/kdh/seonggongsidae.md,pitch/extracted/seonggongsidae.md	observation or comparison support, not a promoted card
v3	/Users/a2501/Desktop/v3_firefly_studio/edge_repos/v3_ff_foundry	esm/evidence/seooh/doksik_ep01-05.md	esm	3746	f703358985d2976c5f77e4b81c7e4124b14f7e4436d05aa3196e4793e34fa1cf	2c7adbfeb822e026d40ac88e41fd600dadcb9338	tracked	evidence	ineligible	yes	clear_pointer	sha256:esm/evidence/seooh/doksik_ep01-05.md; relative_path:esm/evidence/seooh/doksik_ep01-05.md; name:_synthesis/seooh/doksik_ep01-05.md,block/evidence/seooh/doksik_ep01-05.md,character/evidence/seooh/doksik_ep01-05.md	observation or comparison support, not a promoted card
v3	/Users/a2501/Desktop/v3_firefly_studio/edge_repos/v3_ff_foundry	esm/evidence/seooh/doksik_ep08-14.md	esm	3868	18fb0b673be2ea9886a123e24e37f93050b78946f97b2bf10f5219b61b050759	2c7adbfeb822e026d40ac88e41fd600dadcb9338	tracked	evidence	ineligible	yes	clear_pointer	sha256:esm/evidence/seooh/doksik_ep08-14.md; relative_path:esm/evidence/seooh/doksik_ep08-14.md; name:_synthesis/seooh/doksik_ep08-14.md,block/evidence/seooh/doksik_ep08-14.md,character/evidence/seooh/doksik_ep08-14.md,qrp/seooh/_campaign/slices/doksik_ep08-14.txt	observation or comparison support, not a promoted card
v3	/Users/a2501/Desktop/v3_firefly_studio/edge_repos/v3_ff_foundry	esm/evidence/seooh/doksik_ep15-21.md	esm	5314	df81b54ce1c9c4bbbc4add4a1ac21a95f302b7ffbb588c309651cb6e05271536	2c7adbfeb822e026d40ac88e41fd600dadcb9338	tracked	evidence	ineligible	yes	clear_pointer	sha256:esm/evidence/seooh/doksik_ep15-21.md; relative_path:esm/evidence/seooh/doksik_ep15-21.md; name:_synthesis/seooh/doksik_ep15-21.md,block/evidence/seooh/doksik_ep15-21.md,character/evidence/seooh/doksik_ep15-21.md,qrp/seooh/_campaign/slices/doksik_ep15-21.txt	observation or comparison support, not a promoted card
v3	/Users/a2501/Desktop/v3_firefly_studio/edge_repos/v3_ff_foundry	esm/evidence/seooh/doksik_ep22-50.md	esm	4036	90375e6069cd84a2df29112ba79262a4811aff163aea8f84a4a73f5d26e0b193	2c7adbfeb822e026d40ac88e41fd600dadcb9338	tracked	evidence	ineligible	yes	clear_pointer	sha256:esm/evidence/seooh/doksik_ep22-50.md; relative_path:esm/evidence/seooh/doksik_ep22-50.md; name:_synthesis/seooh/doksik_ep22-50.md,block/evidence/seooh/doksik_ep22-50.md,character/evidence/seooh/doksik_ep22-50.md	observation or comparison support, not a promoted card
v3	/Users/a2501/Desktop/v3_firefly_studio/edge_repos/v3_ff_foundry	esm/evidence/seooh/doksik_ep78-86_imf_payoff.md	esm	4245	dbaa025fe1416a28b791bdbcbd567c4f1aedb97c01dd8eb4e42810398ba4e045	2c7adbfeb822e026d40ac88e41fd600dadcb9338	tracked	evidence	ineligible	yes	clear_pointer	sha256:esm/evidence/seooh/doksik_ep78-86_imf_payoff.md; relative_path:esm/evidence/seooh/doksik_ep78-86_imf_payoff.md; name:_synthesis/seooh/doksik_ep78-86_imf_payoff.md,block/evidence/seooh/doksik_ep78-86_imf_payoff.md,character/evidence/seooh/doksik_ep78-86_imf_payoff.md	observation or comparison support, not a promoted card
v3	/Users/a2501/Desktop/v3_firefly_studio/edge_repos/v3_ff_foundry	esm/evidence/seooh/mabeop_ep01-05.md	esm	4679	d504c4dee773164225d486a33ef30d34905b2bf149dde866861a0b6d07cd175c	2c7adbfeb822e026d40ac88e41fd600dadcb9338	tracked	evidence	ineligible	unclear	clear_pointer	sha256:esm/evidence/seooh/mabeop_ep01-05.md; relative_path:esm/evidence/seooh/mabeop_ep01-05.md; name:_synthesis/seooh/mabeop_ep01-05.md,block/evidence/seooh/mabeop_ep01-05.md,character/evidence/seooh/mabeop_ep01-05.md	observation or comparison support, not a promoted card
v3	/Users/a2501/Desktop/v3_firefly_studio/edge_repos/v3_ff_foundry	esm/evidence/seooh/mabeop_ep06-14.md	esm	7132	565c3ef2f2674b086512ad835cb9c450f2b5eda90d8f2276f58f0641cfcb4df0	2c7adbfeb822e026d40ac88e41fd600dadcb9338	tracked	evidence	ineligible	unclear	clear_pointer	sha256:esm/evidence/seooh/mabeop_ep06-14.md; relative_path:esm/evidence/seooh/mabeop_ep06-14.md; name:_synthesis/seooh/mabeop_ep06-14.md,block/evidence/seooh/mabeop_ep06-14.md,character/evidence/seooh/mabeop_ep06-14.md	observation or comparison support, not a promoted card
v3	/Users/a2501/Desktop/v3_firefly_studio/edge_repos/v3_ff_foundry	esm/evidence/seooh/mabeop_ep15-21.md	esm	7177	fc413a140b80fc3506229616fb6efcc6dd40a2b62a8e225b0e91996a9a7b8da7	2c7adbfeb822e026d40ac88e41fd600dadcb9338	tracked	evidence	ineligible	unclear	clear_pointer	sha256:esm/evidence/seooh/mabeop_ep15-21.md; relative_path:esm/evidence/seooh/mabeop_ep15-21.md; name:_synthesis/seooh/mabeop_ep15-21.md,block/evidence/seooh/mabeop_ep15-21.md,character/evidence/seooh/mabeop_ep15-21.md,qrp/seooh/_campaign/slices/mabeop_ep15-21.txt	observation or comparison support, not a promoted card
v3	/Users/a2501/Desktop/v3_firefly_studio/edge_repos/v3_ff_foundry	esm/evidence/seooh/mabeop_ep22-50.md	esm	8622	b70bf6849d83915db681df725e3864a2921ba5e1dd6682478d34d305f4c508bb	2c7adbfeb822e026d40ac88e41fd600dadcb9338	tracked	evidence	ineligible	unclear	clear_pointer	sha256:esm/evidence/seooh/mabeop_ep22-50.md; relative_path:esm/evidence/seooh/mabeop_ep22-50.md; name:_synthesis/seooh/mabeop_ep22-50.md,block/evidence/seooh/mabeop_ep22-50.md,character/evidence/seooh/mabeop_ep22-50.md	observation or comparison support, not a promoted card
v3	/Users/a2501/Desktop/v3_firefly_studio/edge_repos/v3_ff_foundry	esm/evidence/seooh/yeonbong_ep01-05.md	esm	3246	b3cdcc798ef66a86ddf28aa099e7b4fb8c9e343ad52988e31f0278d442092a76	2c7adbfeb822e026d40ac88e41fd600dadcb9338	tracked	evidence	ineligible	yes	clear_pointer	sha256:esm/evidence/seooh/yeonbong_ep01-05.md; relative_path:esm/evidence/seooh/yeonbong_ep01-05.md; name:_synthesis/seooh/yeonbong_ep01-05.md,block/evidence/seooh/yeonbong_ep01-05.md,character/evidence/seooh/yeonbong_ep01-05.md	observation or comparison support, not a promoted card
v3	/Users/a2501/Desktop/v3_firefly_studio/edge_repos/v3_ff_foundry	esm/evidence/seooh/yeonbong_ep06-14.md	esm	6212	431e01ca95d330da95df6b54bf7809d1aedf6a60b72abd32e145d8162eb653a3	2c7adbfeb822e026d40ac88e41fd600dadcb9338	tracked	evidence	ineligible	yes	clear_pointer	sha256:esm/evidence/seooh/yeonbong_ep06-14.md; relative_path:esm/evidence/seooh/yeonbong_ep06-14.md; name:_synthesis/seooh/yeonbong_ep06-14.md,block/evidence/seooh/yeonbong_ep06-14.md,character/evidence/seooh/yeonbong_ep06-14.md	observation or comparison support, not a promoted card
v3	/Users/a2501/Desktop/v3_firefly_studio/edge_repos/v3_ff_foundry	esm/evidence/seooh/yeonbong_ep15-21.md	esm	6590	f8013144dde72672ab47e8cee953d66a39a13449b33b892cbb7f530950b012e0	2c7adbfeb822e026d40ac88e41fd600dadcb9338	tracked	evidence	ineligible	unclear	clear_pointer	sha256:esm/evidence/seooh/yeonbong_ep15-21.md; relative_path:esm/evidence/seooh/yeonbong_ep15-21.md; name:_synthesis/seooh/yeonbong_ep15-21.md,block/evidence/seooh/yeonbong_ep15-21.md,character/evidence/seooh/yeonbong_ep15-21.md,qrp/seooh/_campaign/slices/yeonbong_ep15-21.txt	observation or comparison support, not a promoted card
v3	/Users/a2501/Desktop/v3_firefly_studio/edge_repos/v3_ff_foundry	esm/evidence/seooh/yeonbong_ep22-50.md	esm	5803	7ce828f52d14e38634863d49dc61b1eba488ffdec92b4a0f789c2b7bfa3bde3d	2c7adbfeb822e026d40ac88e41fd600dadcb9338	tracked	evidence	ineligible	yes	clear_pointer	sha256:esm/evidence/seooh/yeonbong_ep22-50.md; relative_path:esm/evidence/seooh/yeonbong_ep22-50.md; name:_synthesis/seooh/yeonbong_ep22-50.md,block/evidence/seooh/yeonbong_ep22-50.md,character/evidence/seooh/yeonbong_ep22-50.md	observation or comparison support, not a promoted card
v3	/Users/a2501/Desktop/v3_firefly_studio/edge_repos/v3_ff_foundry	presets/README.md	presets	410	8d676958225cf1790573b97f9d487e8ff8f78b9324071fca1bda8f731076c1db	2c7adbfeb822e026d40ac88e41fd600dadcb9338	tracked	methodology	ineligible	unclear	unclear	sha256:presets/README.md; relative_path:presets/README.md	index, template, brief, or dispatch methodology
v3	/Users/a2501/Desktop/v3_firefly_studio/edge_repos/v3_ff_foundry	presets/modern_fantasy_chaebol/greenfield_pitch_dispatch.md	presets	5203	a3d167bca7f0aa6b04578984c6cb1dd2031773dc09885f6ebe6930ebb71fe354	2c7adbfeb822e026d40ac88e41fd600dadcb9338	tracked	methodology	ineligible	yes	clear_pointer	sha256:presets/modern_fantasy_chaebol/greenfield_pitch_dispatch.md; relative_path:presets/modern_fantasy_chaebol/greenfield_pitch_dispatch.md	index, template, brief, or dispatch methodology
v3	/Users/a2501/Desktop/v3_firefly_studio/edge_repos/v3_ff_foundry	screen_craft/reference_studies/firefly_screen_craft_v0/README.md	screen_craft	1241	2201619072d45e04bd0e42c387b1bc3377d6908fc830e825fb28a14068d12aa8	2c7adbfeb822e026d40ac88e41fd600dadcb9338	tracked	methodology	ineligible	unclear	unclear	none	index, template, brief, or dispatch methodology
v3	/Users/a2501/Desktop/v3_firefly_studio/edge_repos/v3_ff_foundry	screen_craft/reference_studies/firefly_screen_craft_v0/reference_manifest.csv	screen_craft	8347	156277542c2d3aa0f66a2fd828ef7b74a7c0585a6afe0fe1a2af289d042a8125	2c7adbfeb822e026d40ac88e41fd600dadcb9338	tracked	methodology	ineligible	unclear	unclear	none	no supported promotion role determined
v3	/Users/a2501/Desktop/v3_firefly_studio/edge_repos/v3_ff_foundry	source_maps/.gitkeep	source_maps	1	01ba4719c80b6fe911b091a7c05124b64eeece964e09c058ef8f9805daca546b	2c7adbfeb822e026d40ac88e41fd600dadcb9338	tracked	methodology	ineligible	unclear	unclear	sha256:block/.gitkeep,comparisons/.gitkeep,esm/.gitkeep,source_maps/.gitkeep; relative_path:source_maps/.gitkeep	repository placeholder
v3	/Users/a2501/Desktop/v3_firefly_studio/edge_repos/v3_ff_foundry	source_maps/README.md	source_maps	3881	c597ee48782d5024f79aaf1a6c6c8b9a876ba27912dc49c94a0e269e860c7a53	2c7adbfeb822e026d40ac88e41fd600dadcb9338	tracked	methodology	ineligible	unclear	clear_pointer	sha256:source_maps/README.md; relative_path:source_maps/README.md	index, template, brief, or dispatch methodology
v3	/Users/a2501/Desktop/v3_firefly_studio/edge_repos/v3_ff_foundry	source_maps/assembly_recipe_template.md	source_maps	5793	c95f14d906db25ff2cc6e50dcf5c054b62c192089e47d28a751e2c7d64f5d1cc	2c7adbfeb822e026d40ac88e41fd600dadcb9338	tracked	methodology	ineligible	unclear	clear_pointer	sha256:source_maps/assembly_recipe_template.md; relative_path:source_maps/assembly_recipe_template.md	index, template, brief, or dispatch methodology
v3	/Users/a2501/Desktop/v3_firefly_studio/edge_repos/v3_ff_foundry	source_maps/character_court_template.md	source_maps	2573	cdf289c474489a5c7947f56f9c07129d9c617bd42b4e40851950dae0df9a1364	2c7adbfeb822e026d40ac88e41fd600dadcb9338	tracked	methodology	ineligible	unclear	unclear	sha256:source_maps/character_court_template.md; relative_path:source_maps/character_court_template.md	index, template, brief, or dispatch methodology
v3	/Users/a2501/Desktop/v3_firefly_studio/edge_repos/v3_ff_foundry	source_maps/hukkum_intake_manifest.md	source_maps	1758	f966c2ed2c6fa508028567d3d625d73f3d99e750c16afd34a3aee8aa0f0cd858	2c7adbfeb822e026d40ac88e41fd600dadcb9338	tracked	bank_card	genre_pack	unclear	clear_pointer	sha256:source_maps/hukkum_intake_manifest.md; relative_path:source_maps/hukkum_intake_manifest.md	curated material or Story Block candidate; requires Phase 1 provenance review
v3	/Users/a2501/Desktop/v3_firefly_studio/edge_repos/v3_ff_foundry	source_maps/modern_finance_story_blocks.md	source_maps	9463	16bfab735eef06412da928ac5895e24b0a5d3075622946b2d92e0eae44c1cc3d	2c7adbfeb822e026d40ac88e41fd600dadcb9338	tracked	bank_card	genre_pack	yes	clear_pointer	sha256:source_maps/modern_finance_story_blocks.md; relative_path:source_maps/modern_finance_story_blocks.md	curated material or Story Block candidate; requires Phase 1 provenance review
v3	/Users/a2501/Desktop/v3_firefly_studio/edge_repos/v3_ff_foundry	source_maps/modern_talent_story_blocks.md	source_maps	5902	58bf136124c83de4490c8d2284a567bc735dd6bb83cb5ce8f5f5c2edba3aab55	2c7adbfeb822e026d40ac88e41fd600dadcb9338	tracked	bank_card	genre_pack	unclear	clear_pointer	sha256:source_maps/modern_talent_story_blocks.md; relative_path:source_maps/modern_talent_story_blocks.md	curated material or Story Block candidate; requires Phase 1 provenance review
v3	/Users/a2501/Desktop/v3_firefly_studio/edge_repos/v3_ff_foundry	source_maps/premise_transaction_template.md	source_maps	2772	a729ee2155b021c8299c8b82d266965a90a9b553dbdde033318fdae53b2c9f2d	2c7adbfeb822e026d40ac88e41fd600dadcb9338	tracked	methodology	ineligible	unclear	unclear	sha256:source_maps/premise_transaction_template.md; relative_path:source_maps/premise_transaction_template.md	index, template, brief, or dispatch methodology
v3	/Users/a2501/Desktop/v3_firefly_studio/edge_repos/v3_ff_foundry	source_maps/scene_forge_template.md	source_maps	4293	99248fbe51cc1127d6a04353f554be293ea3ca52654cf64d30450ae2330e908f	2c7adbfeb822e026d40ac88e41fd600dadcb9338	tracked	methodology	ineligible	unclear	clear_pointer	sha256:source_maps/scene_forge_template.md; relative_path:source_maps/scene_forge_template.md	index, template, brief, or dispatch methodology
v3	/Users/a2501/Desktop/v3_firefly_studio/edge_repos/v3_ff_foundry	source_maps/source_map_template.md	source_maps	1506	221a68593733078426dce572ac7785c82c9094b55a0a968a58894c2ded4d14cd	2c7adbfeb822e026d40ac88e41fd600dadcb9338	tracked	methodology	ineligible	unclear	clear_pointer	sha256:source_maps/source_map_template.md; relative_path:source_maps/source_map_template.md	index, template, brief, or dispatch methodology
v3	/Users/a2501/Desktop/v3_firefly_studio/edge_repos/v3_ff_foundry	source_maps/yujaemu_misfortune_chaebol_story_blocks.md	source_maps	18033	f2fe407142b0a2b0b7686a07abb90d8faa6712a4a5af2c2bd8347b96baace1b5	2c7adbfeb822e026d40ac88e41fd600dadcb9338	tracked	bank_card	genre_pack	yes	clear_pointer	sha256:source_maps/yujaemu_misfortune_chaebol_story_blocks.md; relative_path:source_maps/yujaemu_misfortune_chaebol_story_blocks.md	curated material or Story Block candidate; requires Phase 1 provenance review
